delete from SYM_JOB;
delete from SYM_NOTIFICATION;
delete from SYM_MONITOR;
delete from SYM_EXTENSION;
delete from SYM_FILE_TRIGGER_ROUTER;
delete from SYM_FILE_TRIGGER;
delete from SYM_TRIGGER_ROUTER_GROUPLET;
delete from SYM_GROUPLET_LINK;
delete from SYM_GROUPLET;
delete from SYM_CONFLICT;
delete from SYM_TRANSFORM_COLUMN;
delete from SYM_LOAD_FILTER;
delete from SYM_TRANSFORM_TABLE;
delete from SYM_TRIGGER_ROUTER;
delete from SYM_ROUTER;
delete from SYM_TRIGGER;
delete from SYM_NODE_GROUP_CHANNEL_WND;
delete from SYM_CHANNEL;
delete from SYM_PARAMETER;
delete from SYM_NODE_GROUP_LINK;
delete from SYM_NODE_GROUP;
insert into SYM_NODE_GROUP (NODE_GROUP_ID, DESCRIPTION, CREATE_TIME, LAST_UPDATE_BY, LAST_UPDATE_TIME) values ('corp',null,null,null,null);
insert into SYM_NODE_GROUP (NODE_GROUP_ID, DESCRIPTION, CREATE_TIME, LAST_UPDATE_BY, LAST_UPDATE_TIME) values ('store','',{ts '2019-03-05 15:21:08.268'},'admin',{ts '2019-03-05 15:21:08.268'});
insert into SYM_NODE_GROUP (NODE_GROUP_ID, DESCRIPTION, CREATE_TIME, LAST_UPDATE_BY, LAST_UPDATE_TIME) values ('register','',{ts '2019-03-05 15:21:12.741'},'admin',{ts '2019-03-05 15:21:12.741'});
insert into SYM_NODE_GROUP_LINK (SOURCE_NODE_GROUP_ID, TARGET_NODE_GROUP_ID, DATA_EVENT_ACTION, SYNC_CONFIG_ENABLED, IS_REVERSIBLE, CREATE_TIME, LAST_UPDATE_BY, LAST_UPDATE_TIME) values ('corp','store','W',1,0,{ts '2019-03-05 15:21:51.127'},'admin',{ts '2019-03-05 15:21:51.127'});
insert into SYM_NODE_GROUP_LINK (SOURCE_NODE_GROUP_ID, TARGET_NODE_GROUP_ID, DATA_EVENT_ACTION, SYNC_CONFIG_ENABLED, IS_REVERSIBLE, CREATE_TIME, LAST_UPDATE_BY, LAST_UPDATE_TIME) values ('store','corp','P',1,0,{ts '2019-03-05 15:22:11.084'},'admin',{ts '2019-03-05 15:22:11.083'});
insert into SYM_NODE_GROUP_LINK (SOURCE_NODE_GROUP_ID, TARGET_NODE_GROUP_ID, DATA_EVENT_ACTION, SYNC_CONFIG_ENABLED, IS_REVERSIBLE, CREATE_TIME, LAST_UPDATE_BY, LAST_UPDATE_TIME) values ('store','register','W',1,0,{ts '2019-03-05 15:22:23.165'},'admin',{ts '2019-03-05 15:22:23.165'});
insert into SYM_NODE_GROUP_LINK (SOURCE_NODE_GROUP_ID, TARGET_NODE_GROUP_ID, DATA_EVENT_ACTION, SYNC_CONFIG_ENABLED, IS_REVERSIBLE, CREATE_TIME, LAST_UPDATE_BY, LAST_UPDATE_TIME) values ('register','store','P',1,0,{ts '2019-03-05 15:22:32.177'},'admin',{ts '2019-03-05 15:22:32.177'});
insert into SYM_PARAMETER (EXTERNAL_ID, NODE_GROUP_ID, PARAM_KEY, PARAM_VALUE, CREATE_TIME, LAST_UPDATE_BY, LAST_UPDATE_TIME) values ('ALL','ALL','auto.registration','true',{ts '2019-03-05 15:24:00.120'},'admin',{ts '2019-03-05 15:24:00.120'});
insert into SYM_PARAMETER (EXTERNAL_ID, NODE_GROUP_ID, PARAM_KEY, PARAM_VALUE, CREATE_TIME, LAST_UPDATE_BY, LAST_UPDATE_TIME) values ('ALL','ALL','auto.reload','true',{ts '2019-03-05 15:24:06.407'},'admin',{ts '2019-03-05 15:24:06.407'});
-- insert into SYM_PARAMETER (EXTERNAL_ID, NODE_GROUP_ID, PARAM_KEY, PARAM_VALUE, CREATE_TIME, LAST_UPDATE_BY, LAST_UPDATE_TIME) values ('ALL','ALL','initial.load.delete.first','true',{ts '2019-03-05 15:24:06.407'},'admin',{ts '2019-03-05 15:24:06.407'});
insert into SYM_PARAMETER (EXTERNAL_ID, NODE_GROUP_ID, PARAM_KEY, PARAM_VALUE, CREATE_TIME, LAST_UPDATE_BY, LAST_UPDATE_TIME) values ('ALL','ALL','job.push.period.time.ms','10000',{ts '2019-03-05 15:24:06.407'},'admin',{ts '2019-03-05 15:24:06.407'});
insert into SYM_PARAMETER (EXTERNAL_ID, NODE_GROUP_ID, PARAM_KEY, PARAM_VALUE, CREATE_TIME, LAST_UPDATE_BY, LAST_UPDATE_TIME) values ('ALL','ALL','job.pull.period.time.ms','15000',{ts '2019-03-05 15:24:06.407'},'admin',{ts '2019-03-05 15:24:06.407'});
insert into SYM_CHANNEL (CHANNEL_ID, PROCESSING_ORDER, MAX_BATCH_SIZE, MAX_BATCH_TO_SEND, MAX_DATA_TO_ROUTE, EXTRACT_PERIOD_MILLIS, ENABLED, USE_OLD_DATA_TO_ROUTE, USE_ROW_DATA_TO_ROUTE, USE_PK_DATA_TO_ROUTE, RELOAD_FLAG, FILE_SYNC_FLAG, CONTAINS_BIG_LOB, BATCH_ALGORITHM, DATA_LOADER_TYPE, DESCRIPTION, QUEUE, MAX_NETWORK_KBPS, DATA_EVENT_ACTION, CREATE_TIME, LAST_UPDATE_BY, LAST_UPDATE_TIME) values ('config',0,2000,100,10000,0,1,1,1,1,0,0,1,'default','default',null,'default',0.000,null,{ts '2019-03-05 13:28:08.000'},null,{ts '2019-03-05 15:19:47.584'});
insert into SYM_CHANNEL (CHANNEL_ID, PROCESSING_ORDER, MAX_BATCH_SIZE, MAX_BATCH_TO_SEND, MAX_DATA_TO_ROUTE, EXTRACT_PERIOD_MILLIS, ENABLED, USE_OLD_DATA_TO_ROUTE, USE_ROW_DATA_TO_ROUTE, USE_PK_DATA_TO_ROUTE, RELOAD_FLAG, FILE_SYNC_FLAG, CONTAINS_BIG_LOB, BATCH_ALGORITHM, DATA_LOADER_TYPE, DESCRIPTION, QUEUE, MAX_NETWORK_KBPS, DATA_EVENT_ACTION, CREATE_TIME, LAST_UPDATE_BY, LAST_UPDATE_TIME) values ('reload',1,1,1,10000,0,1,1,1,1,1,0,0,'default','default',null,'default',0.000,null,{ts '2019-03-05 13:28:08.000'},null,{ts '2019-03-05 15:19:47.591'});
insert into SYM_CHANNEL (CHANNEL_ID, PROCESSING_ORDER, MAX_BATCH_SIZE, MAX_BATCH_TO_SEND, MAX_DATA_TO_ROUTE, EXTRACT_PERIOD_MILLIS, ENABLED, USE_OLD_DATA_TO_ROUTE, USE_ROW_DATA_TO_ROUTE, USE_PK_DATA_TO_ROUTE, RELOAD_FLAG, FILE_SYNC_FLAG, CONTAINS_BIG_LOB, BATCH_ALGORITHM, DATA_LOADER_TYPE, DESCRIPTION, QUEUE, MAX_NETWORK_KBPS, DATA_EVENT_ACTION, CREATE_TIME, LAST_UPDATE_BY, LAST_UPDATE_TIME) values ('monitor',2,100,100,10000,0,1,1,1,1,0,0,1,'default','default',null,'default',0.000,null,{ts '2019-03-05 13:28:08.000'},null,{ts '2019-03-05 15:19:47.593'});
insert into SYM_CHANNEL (CHANNEL_ID, PROCESSING_ORDER, MAX_BATCH_SIZE, MAX_BATCH_TO_SEND, MAX_DATA_TO_ROUTE, EXTRACT_PERIOD_MILLIS, ENABLED, USE_OLD_DATA_TO_ROUTE, USE_ROW_DATA_TO_ROUTE, USE_PK_DATA_TO_ROUTE, RELOAD_FLAG, FILE_SYNC_FLAG, CONTAINS_BIG_LOB, BATCH_ALGORITHM, DATA_LOADER_TYPE, DESCRIPTION, QUEUE, MAX_NETWORK_KBPS, DATA_EVENT_ACTION, CREATE_TIME, LAST_UPDATE_BY, LAST_UPDATE_TIME) values ('heartbeat',2,100,100,10000,0,1,1,1,1,0,0,0,'default','default',null,'default',0.000,null,{ts '2019-03-05 13:28:08.000'},null,{ts '2019-03-05 15:19:47.594'});
insert into SYM_CHANNEL (CHANNEL_ID, PROCESSING_ORDER, MAX_BATCH_SIZE, MAX_BATCH_TO_SEND, MAX_DATA_TO_ROUTE, EXTRACT_PERIOD_MILLIS, ENABLED, USE_OLD_DATA_TO_ROUTE, USE_ROW_DATA_TO_ROUTE, USE_PK_DATA_TO_ROUTE, RELOAD_FLAG, FILE_SYNC_FLAG, CONTAINS_BIG_LOB, BATCH_ALGORITHM, DATA_LOADER_TYPE, DESCRIPTION, QUEUE, MAX_NETWORK_KBPS, DATA_EVENT_ACTION, CREATE_TIME, LAST_UPDATE_BY, LAST_UPDATE_TIME) values ('default',99999,1000,100,10000,0,1,1,1,1,0,0,0,'default','default',null,'default',0.000,null,{ts '2019-03-05 13:28:08.000'},null,{ts '2019-03-05 15:19:47.595'});
insert into SYM_CHANNEL (CHANNEL_ID, PROCESSING_ORDER, MAX_BATCH_SIZE, MAX_BATCH_TO_SEND, MAX_DATA_TO_ROUTE, EXTRACT_PERIOD_MILLIS, ENABLED, USE_OLD_DATA_TO_ROUTE, USE_ROW_DATA_TO_ROUTE, USE_PK_DATA_TO_ROUTE, RELOAD_FLAG, FILE_SYNC_FLAG, CONTAINS_BIG_LOB, BATCH_ALGORITHM, DATA_LOADER_TYPE, DESCRIPTION, QUEUE, MAX_NETWORK_KBPS, DATA_EVENT_ACTION, CREATE_TIME, LAST_UPDATE_BY, LAST_UPDATE_TIME) values ('dynamic',99999,1000,100,10000,0,1,1,1,1,0,0,0,'default','default',null,'default',0.000,null,{ts '2019-03-05 13:28:08.000'},null,{ts '2019-03-05 15:19:47.596'});
insert into SYM_CHANNEL (CHANNEL_ID, PROCESSING_ORDER, MAX_BATCH_SIZE, MAX_BATCH_TO_SEND, MAX_DATA_TO_ROUTE, EXTRACT_PERIOD_MILLIS, ENABLED, USE_OLD_DATA_TO_ROUTE, USE_ROW_DATA_TO_ROUTE, USE_PK_DATA_TO_ROUTE, RELOAD_FLAG, FILE_SYNC_FLAG, CONTAINS_BIG_LOB, BATCH_ALGORITHM, DATA_LOADER_TYPE, DESCRIPTION, QUEUE, MAX_NETWORK_KBPS, DATA_EVENT_ACTION, CREATE_TIME, LAST_UPDATE_BY, LAST_UPDATE_TIME) values ('legacy_sales',50,10000,10,10000,0,1,1,1,1,0,0,0,'default','default',null,'default',0.000,null,{ts '2019-03-05 15:27:32.546'},'admin',{ts '2019-03-05 15:27:32.545'});
insert into SYM_CHANNEL (CHANNEL_ID, PROCESSING_ORDER, MAX_BATCH_SIZE, MAX_BATCH_TO_SEND, MAX_DATA_TO_ROUTE, EXTRACT_PERIOD_MILLIS, ENABLED, USE_OLD_DATA_TO_ROUTE, USE_ROW_DATA_TO_ROUTE, USE_PK_DATA_TO_ROUTE, RELOAD_FLAG, FILE_SYNC_FLAG, CONTAINS_BIG_LOB, BATCH_ALGORITHM, DATA_LOADER_TYPE, DESCRIPTION, QUEUE, MAX_NETWORK_KBPS, DATA_EVENT_ACTION, CREATE_TIME, LAST_UPDATE_BY, LAST_UPDATE_TIME) values ('tax',50,10000,10,10000,0,1,1,1,1,0,0,0,'default','default',null,'default',0.000,null,{ts '2019-03-05 15:37:11.397'},'admin',{ts '2019-03-05 15:37:11.397'});
insert into SYM_CHANNEL (CHANNEL_ID, PROCESSING_ORDER, MAX_BATCH_SIZE, MAX_BATCH_TO_SEND, MAX_DATA_TO_ROUTE, EXTRACT_PERIOD_MILLIS, ENABLED, USE_OLD_DATA_TO_ROUTE, USE_ROW_DATA_TO_ROUTE, USE_PK_DATA_TO_ROUTE, RELOAD_FLAG, FILE_SYNC_FLAG, CONTAINS_BIG_LOB, BATCH_ALGORITHM, DATA_LOADER_TYPE, DESCRIPTION, QUEUE, MAX_NETWORK_KBPS, DATA_EVENT_ACTION, CREATE_TIME, LAST_UPDATE_BY, LAST_UPDATE_TIME) values ('sls',50,10000,10,10000,0,1,1,1,1,0,0,0,'default','default',null,'default',0.000,null,{ts '2019-03-05 15:37:15.649'},'admin',{ts '2019-03-05 15:37:15.649'});
insert into SYM_CHANNEL (CHANNEL_ID, PROCESSING_ORDER, MAX_BATCH_SIZE, MAX_BATCH_TO_SEND, MAX_DATA_TO_ROUTE, EXTRACT_PERIOD_MILLIS, ENABLED, USE_OLD_DATA_TO_ROUTE, USE_ROW_DATA_TO_ROUTE, USE_PK_DATA_TO_ROUTE, RELOAD_FLAG, FILE_SYNC_FLAG, CONTAINS_BIG_LOB, BATCH_ALGORITHM, DATA_LOADER_TYPE, DESCRIPTION, QUEUE, MAX_NETWORK_KBPS, DATA_EVENT_ACTION, CREATE_TIME, LAST_UPDATE_BY, LAST_UPDATE_TIME) values ('itm',50,10000,10,10000,0,1,1,1,1,0,0,0,'default','default',null,'default',0.000,null,{ts '2019-03-05 15:37:22.782'},'admin',{ts '2019-03-05 15:37:22.782'});
insert into SYM_CHANNEL (CHANNEL_ID, PROCESSING_ORDER, MAX_BATCH_SIZE, MAX_BATCH_TO_SEND, MAX_DATA_TO_ROUTE, EXTRACT_PERIOD_MILLIS, ENABLED, USE_OLD_DATA_TO_ROUTE, USE_ROW_DATA_TO_ROUTE, USE_PK_DATA_TO_ROUTE, RELOAD_FLAG, FILE_SYNC_FLAG, CONTAINS_BIG_LOB, BATCH_ALGORITHM, DATA_LOADER_TYPE, DESCRIPTION, QUEUE, MAX_NETWORK_KBPS, DATA_EVENT_ACTION, CREATE_TIME, LAST_UPDATE_BY, LAST_UPDATE_TIME) values ('prm',50,10000,10,10000,0,1,1,1,1,0,0,0,'default','default',null,'default',0.000,null,{ts '2019-03-05 15:37:52.796'},'admin',{ts '2019-03-05 15:37:52.796'});
insert into SYM_CHANNEL (CHANNEL_ID, PROCESSING_ORDER, MAX_BATCH_SIZE, MAX_BATCH_TO_SEND, MAX_DATA_TO_ROUTE, EXTRACT_PERIOD_MILLIS, ENABLED, USE_OLD_DATA_TO_ROUTE, USE_ROW_DATA_TO_ROUTE, USE_PK_DATA_TO_ROUTE, RELOAD_FLAG, FILE_SYNC_FLAG, CONTAINS_BIG_LOB, BATCH_ALGORITHM, DATA_LOADER_TYPE, DESCRIPTION, QUEUE, MAX_NETWORK_KBPS, DATA_EVENT_ACTION, CREATE_TIME, LAST_UPDATE_BY, LAST_UPDATE_TIME) values ('usr',50,10000,10,10000,0,1,1,1,1,0,0,0,'default','default',null,'default',0.000,null,{ts '2019-03-05 15:38:20.381'},'admin',{ts '2019-03-05 15:38:20.380'});
insert into SYM_CHANNEL (CHANNEL_ID, PROCESSING_ORDER, MAX_BATCH_SIZE, MAX_BATCH_TO_SEND, MAX_DATA_TO_ROUTE, EXTRACT_PERIOD_MILLIS, ENABLED, USE_OLD_DATA_TO_ROUTE, USE_ROW_DATA_TO_ROUTE, USE_PK_DATA_TO_ROUTE, RELOAD_FLAG, FILE_SYNC_FLAG, CONTAINS_BIG_LOB, BATCH_ALGORITHM, DATA_LOADER_TYPE, DESCRIPTION, QUEUE, MAX_NETWORK_KBPS, DATA_EVENT_ACTION, CREATE_TIME, LAST_UPDATE_BY, LAST_UPDATE_TIME) values ('ops',50,10000,10,10000,0,1,1,1,1,0,0,0,'default','default',null,'default',0.000,null,{ts '2019-03-05 15:38:20.381'},'admin',{ts '2019-03-05 15:38:20.380'});
insert into SYM_CHANNEL (CHANNEL_ID, PROCESSING_ORDER, MAX_BATCH_SIZE, MAX_BATCH_TO_SEND, MAX_DATA_TO_ROUTE, EXTRACT_PERIOD_MILLIS, ENABLED, USE_OLD_DATA_TO_ROUTE, USE_ROW_DATA_TO_ROUTE, USE_PK_DATA_TO_ROUTE, RELOAD_FLAG, FILE_SYNC_FLAG, CONTAINS_BIG_LOB, BATCH_ALGORITHM, DATA_LOADER_TYPE, DESCRIPTION, QUEUE, MAX_NETWORK_KBPS, DATA_EVENT_ACTION, CREATE_TIME, LAST_UPDATE_BY, LAST_UPDATE_TIME) values ('versions',50,10000,10,10000,0,1,1,1,1,0,0,0,'default','default',null,'default',0.000,null,{ts '2019-03-05 15:38:29.256'},'admin',{ts '2019-03-05 15:38:29.256'});
insert into SYM_CHANNEL (CHANNEL_ID, PROCESSING_ORDER, MAX_BATCH_SIZE, MAX_BATCH_TO_SEND, MAX_DATA_TO_ROUTE, EXTRACT_PERIOD_MILLIS, ENABLED, USE_OLD_DATA_TO_ROUTE, USE_ROW_DATA_TO_ROUTE, USE_PK_DATA_TO_ROUTE, RELOAD_FLAG, FILE_SYNC_FLAG, CONTAINS_BIG_LOB, BATCH_ALGORITHM, DATA_LOADER_TYPE, DESCRIPTION, QUEUE, MAX_NETWORK_KBPS, DATA_EVENT_ACTION, CREATE_TIME, LAST_UPDATE_BY, LAST_UPDATE_TIME) values ('i18n',50,10000,10,10000,0,1,1,1,1,0,0,0,'default','default',null,'default',0.000,null,{ts '2019-03-05 15:42:44.341'},'admin',{ts '2019-03-05 15:42:44.341'});
insert into SYM_CHANNEL (CHANNEL_ID, PROCESSING_ORDER, MAX_BATCH_SIZE, MAX_BATCH_TO_SEND, MAX_DATA_TO_ROUTE, EXTRACT_PERIOD_MILLIS, ENABLED, USE_OLD_DATA_TO_ROUTE, USE_ROW_DATA_TO_ROUTE, USE_PK_DATA_TO_ROUTE, RELOAD_FLAG, FILE_SYNC_FLAG, CONTAINS_BIG_LOB, BATCH_ALGORITHM, DATA_LOADER_TYPE, DESCRIPTION, QUEUE, MAX_NETWORK_KBPS, DATA_EVENT_ACTION, CREATE_TIME, LAST_UPDATE_BY, LAST_UPDATE_TIME) values ('ctx',50,10000,10,10000,0,1,1,1,1,0,0,0,'default','default',null,'default',0.000,null,{ts '2019-03-05 15:42:53.070'},'admin',{ts '2019-03-05 15:42:53.070'});
insert into SYM_CHANNEL (CHANNEL_ID, PROCESSING_ORDER, MAX_BATCH_SIZE, MAX_BATCH_TO_SEND, MAX_DATA_TO_ROUTE, EXTRACT_PERIOD_MILLIS, ENABLED, USE_OLD_DATA_TO_ROUTE, USE_ROW_DATA_TO_ROUTE, USE_PK_DATA_TO_ROUTE, RELOAD_FLAG, FILE_SYNC_FLAG, CONTAINS_BIG_LOB, BATCH_ALGORITHM, DATA_LOADER_TYPE, DESCRIPTION, QUEUE, MAX_NETWORK_KBPS, DATA_EVENT_ACTION, CREATE_TIME, LAST_UPDATE_BY, LAST_UPDATE_TIME) values ('device',50,10000,10,10000,0,1,1,1,1,0,0,0,'default','default',null,'default',0.000,null,{ts '2019-03-05 15:49:53.082'},'admin',{ts '2019-03-05 15:49:53.082'});
insert into SYM_TRIGGER (TRIGGER_ID, SOURCE_CATALOG_NAME, SOURCE_SCHEMA_NAME, SOURCE_TABLE_NAME, CHANNEL_ID, RELOAD_CHANNEL_ID, SYNC_ON_UPDATE, SYNC_ON_INSERT, SYNC_ON_DELETE, SYNC_ON_INCOMING_BATCH, NAME_FOR_UPDATE_TRIGGER, NAME_FOR_INSERT_TRIGGER, NAME_FOR_DELETE_TRIGGER, SYNC_ON_UPDATE_CONDITION, SYNC_ON_INSERT_CONDITION, SYNC_ON_DELETE_CONDITION, CUSTOM_BEFORE_UPDATE_TEXT, CUSTOM_BEFORE_INSERT_TEXT, CUSTOM_BEFORE_DELETE_TEXT, CUSTOM_ON_UPDATE_TEXT, CUSTOM_ON_INSERT_TEXT, CUSTOM_ON_DELETE_TEXT, EXTERNAL_SELECT, TX_ID_EXPRESSION, CHANNEL_EXPRESSION, EXCLUDED_COLUMN_NAMES, INCLUDED_COLUMN_NAMES, SYNC_KEY_NAMES, USE_STREAM_LOBS, USE_CAPTURE_LOBS, USE_CAPTURE_OLD_DATA, USE_HANDLE_KEY_UPDATES, STREAM_ROW, CREATE_TIME, LAST_UPDATE_BY, LAST_UPDATE_TIME, DESCRIPTION) values ('cshthist',null,null,'CSHTHIST','legacy_sales','reload',1,1,1,0,null,null,null,'1=1','1=1','1=1',null,null,null,null,null,null,null,null,null,null,null,null,0,0,1,1,0,{ts '2019-03-05 15:28:23.755'},'admin',{ts '2019-03-05 15:28:23.755'},null);
insert into SYM_TRIGGER (TRIGGER_ID, SOURCE_CATALOG_NAME, SOURCE_SCHEMA_NAME, SOURCE_TABLE_NAME, CHANNEL_ID, RELOAD_CHANNEL_ID, SYNC_ON_UPDATE, SYNC_ON_INSERT, SYNC_ON_DELETE, SYNC_ON_INCOMING_BATCH, NAME_FOR_UPDATE_TRIGGER, NAME_FOR_INSERT_TRIGGER, NAME_FOR_DELETE_TRIGGER, SYNC_ON_UPDATE_CONDITION, SYNC_ON_INSERT_CONDITION, SYNC_ON_DELETE_CONDITION, CUSTOM_BEFORE_UPDATE_TEXT, CUSTOM_BEFORE_INSERT_TEXT, CUSTOM_BEFORE_DELETE_TEXT, CUSTOM_ON_UPDATE_TEXT, CUSTOM_ON_INSERT_TEXT, CUSTOM_ON_DELETE_TEXT, EXTERNAL_SELECT, TX_ID_EXPRESSION, CHANNEL_EXPRESSION, EXCLUDED_COLUMN_NAMES, INCLUDED_COLUMN_NAMES, SYNC_KEY_NAMES, USE_STREAM_LOBS, USE_CAPTURE_LOBS, USE_CAPTURE_OLD_DATA, USE_HANDLE_KEY_UPDATES, STREAM_ROW, CREATE_TIME, LAST_UPDATE_BY, LAST_UPDATE_TIME, DESCRIPTION) values ('empmst',null,null,'EMPMST','legacy_sales','reload',1,1,1,0,null,null,null,'1=1','1=1','1=1',null,null,null,null,null,null,null,null,null,null,null,null,0,0,1,1,0,{ts '2019-03-05 15:28:23.763'},'admin',{ts '2019-03-05 15:28:23.763'},null);
insert into SYM_TRIGGER (TRIGGER_ID, SOURCE_CATALOG_NAME, SOURCE_SCHEMA_NAME, SOURCE_TABLE_NAME, CHANNEL_ID, RELOAD_CHANNEL_ID, SYNC_ON_UPDATE, SYNC_ON_INSERT, SYNC_ON_DELETE, SYNC_ON_INCOMING_BATCH, NAME_FOR_UPDATE_TRIGGER, NAME_FOR_INSERT_TRIGGER, NAME_FOR_DELETE_TRIGGER, SYNC_ON_UPDATE_CONDITION, SYNC_ON_INSERT_CONDITION, SYNC_ON_DELETE_CONDITION, CUSTOM_BEFORE_UPDATE_TEXT, CUSTOM_BEFORE_INSERT_TEXT, CUSTOM_BEFORE_DELETE_TEXT, CUSTOM_ON_UPDATE_TEXT, CUSTOM_ON_INSERT_TEXT, CUSTOM_ON_DELETE_TEXT, EXTERNAL_SELECT, TX_ID_EXPRESSION, CHANNEL_EXPRESSION, EXCLUDED_COLUMN_NAMES, INCLUDED_COLUMN_NAMES, SYNC_KEY_NAMES, USE_STREAM_LOBS, USE_CAPTURE_LOBS, USE_CAPTURE_OLD_DATA, USE_HANDLE_KEY_UPDATES, STREAM_ROW, CREATE_TIME, LAST_UPDATE_BY, LAST_UPDATE_TIME, DESCRIPTION) values ('invthist',null,null,'INVTHIST','legacy_sales','reload',1,1,1,0,null,null,null,'1=1','1=1','1=1',null,null,null,null,null,null,null,null,null,null,null,null,0,0,1,1,0,{ts '2019-03-05 15:28:23.770'},'admin',{ts '2019-03-05 15:28:23.770'},null);
insert into SYM_TRIGGER (TRIGGER_ID, SOURCE_CATALOG_NAME, SOURCE_SCHEMA_NAME, SOURCE_TABLE_NAME, CHANNEL_ID, RELOAD_CHANNEL_ID, SYNC_ON_UPDATE, SYNC_ON_INSERT, SYNC_ON_DELETE, SYNC_ON_INCOMING_BATCH, NAME_FOR_UPDATE_TRIGGER, NAME_FOR_INSERT_TRIGGER, NAME_FOR_DELETE_TRIGGER, SYNC_ON_UPDATE_CONDITION, SYNC_ON_INSERT_CONDITION, SYNC_ON_DELETE_CONDITION, CUSTOM_BEFORE_UPDATE_TEXT, CUSTOM_BEFORE_INSERT_TEXT, CUSTOM_BEFORE_DELETE_TEXT, CUSTOM_ON_UPDATE_TEXT, CUSTOM_ON_INSERT_TEXT, CUSTOM_ON_DELETE_TEXT, EXTERNAL_SELECT, TX_ID_EXPRESSION, CHANNEL_EXPRESSION, EXCLUDED_COLUMN_NAMES, INCLUDED_COLUMN_NAMES, SYNC_KEY_NAMES, USE_STREAM_LOBS, USE_CAPTURE_LOBS, USE_CAPTURE_OLD_DATA, USE_HANDLE_KEY_UPDATES, STREAM_ROW, CREATE_TIME, LAST_UPDATE_BY, LAST_UPDATE_TIME, DESCRIPTION) values ('tranhist',null,null,'TRANHIST','legacy_sales','reload',1,1,1,0,null,null,null,'1=1','1=1','1=1',null,null,null,null,null,null,null,null,null,null,null,null,0,0,1,1,0,{ts '2019-03-05 15:28:23.777'},'admin',{ts '2019-03-05 15:28:23.777'},null);
insert into SYM_TRIGGER (TRIGGER_ID, SOURCE_CATALOG_NAME, SOURCE_SCHEMA_NAME, SOURCE_TABLE_NAME, CHANNEL_ID, RELOAD_CHANNEL_ID, SYNC_ON_UPDATE, SYNC_ON_INSERT, SYNC_ON_DELETE, SYNC_ON_INCOMING_BATCH, NAME_FOR_UPDATE_TRIGGER, NAME_FOR_INSERT_TRIGGER, NAME_FOR_DELETE_TRIGGER, SYNC_ON_UPDATE_CONDITION, SYNC_ON_INSERT_CONDITION, SYNC_ON_DELETE_CONDITION, CUSTOM_BEFORE_UPDATE_TEXT, CUSTOM_BEFORE_INSERT_TEXT, CUSTOM_BEFORE_DELETE_TEXT, CUSTOM_ON_UPDATE_TEXT, CUSTOM_ON_INSERT_TEXT, CUSTOM_ON_DELETE_TEXT, EXTERNAL_SELECT, TX_ID_EXPRESSION, CHANNEL_EXPRESSION, EXCLUDED_COLUMN_NAMES, INCLUDED_COLUMN_NAMES, SYNC_KEY_NAMES, USE_STREAM_LOBS, USE_CAPTURE_LOBS, USE_CAPTURE_OLD_DATA, USE_HANDLE_KEY_UPDATES, STREAM_ROW, CREATE_TIME, LAST_UPDATE_BY, LAST_UPDATE_TIME, DESCRIPTION) values ('i18n_module',null,null,'I18N_MODULE','versions','reload',1,1,1,1,null,null,null,'1=1','1=1','1=1',null,null,null,null,null,null,null,null,null,null,null,null,0,0,1,1,0,{ts '2019-03-05 15:41:18.716'},'admin',{ts '2019-03-05 15:42:27.083'},null);
insert into SYM_TRIGGER (TRIGGER_ID, SOURCE_CATALOG_NAME, SOURCE_SCHEMA_NAME, SOURCE_TABLE_NAME, CHANNEL_ID, RELOAD_CHANNEL_ID, SYNC_ON_UPDATE, SYNC_ON_INSERT, SYNC_ON_DELETE, SYNC_ON_INCOMING_BATCH, NAME_FOR_UPDATE_TRIGGER, NAME_FOR_INSERT_TRIGGER, NAME_FOR_DELETE_TRIGGER, SYNC_ON_UPDATE_CONDITION, SYNC_ON_INSERT_CONDITION, SYNC_ON_DELETE_CONDITION, CUSTOM_BEFORE_UPDATE_TEXT, CUSTOM_BEFORE_INSERT_TEXT, CUSTOM_BEFORE_DELETE_TEXT, CUSTOM_ON_UPDATE_TEXT, CUSTOM_ON_INSERT_TEXT, CUSTOM_ON_DELETE_TEXT, EXTERNAL_SELECT, TX_ID_EXPRESSION, CHANNEL_EXPRESSION, EXCLUDED_COLUMN_NAMES, INCLUDED_COLUMN_NAMES, SYNC_KEY_NAMES, USE_STREAM_LOBS, USE_CAPTURE_LOBS, USE_CAPTURE_OLD_DATA, USE_HANDLE_KEY_UPDATES, STREAM_ROW, CREATE_TIME, LAST_UPDATE_BY, LAST_UPDATE_TIME, DESCRIPTION) values ('itm_module',null,null,'ITM_MODULE','versions','reload',1,1,1,1,null,null,null,'1=1','1=1','1=1',null,null,null,null,null,null,null,null,null,null,null,null,0,0,1,1,0,{ts '2019-03-05 15:41:18.723'},'admin',{ts '2019-03-05 15:42:27.098'},null);
insert into SYM_TRIGGER (TRIGGER_ID, SOURCE_CATALOG_NAME, SOURCE_SCHEMA_NAME, SOURCE_TABLE_NAME, CHANNEL_ID, RELOAD_CHANNEL_ID, SYNC_ON_UPDATE, SYNC_ON_INSERT, SYNC_ON_DELETE, SYNC_ON_INCOMING_BATCH, NAME_FOR_UPDATE_TRIGGER, NAME_FOR_INSERT_TRIGGER, NAME_FOR_DELETE_TRIGGER, SYNC_ON_UPDATE_CONDITION, SYNC_ON_INSERT_CONDITION, SYNC_ON_DELETE_CONDITION, CUSTOM_BEFORE_UPDATE_TEXT, CUSTOM_BEFORE_INSERT_TEXT, CUSTOM_BEFORE_DELETE_TEXT, CUSTOM_ON_UPDATE_TEXT, CUSTOM_ON_INSERT_TEXT, CUSTOM_ON_DELETE_TEXT, EXTERNAL_SELECT, TX_ID_EXPRESSION, CHANNEL_EXPRESSION, EXCLUDED_COLUMN_NAMES, INCLUDED_COLUMN_NAMES, SYNC_KEY_NAMES, USE_STREAM_LOBS, USE_CAPTURE_LOBS, USE_CAPTURE_OLD_DATA, USE_HANDLE_KEY_UPDATES, STREAM_ROW, CREATE_TIME, LAST_UPDATE_BY, LAST_UPDATE_TIME, DESCRIPTION) values ('ctx_module',null,null,'CTX_MODULE','versions','reload',1,1,1,1,null,null,null,'1=1','1=1','1=1',null,null,null,null,null,null,null,null,null,null,null,null,0,0,1,1,0,{ts '2019-03-05 15:41:18.698'},'admin',{ts '2019-03-05 15:42:27.102'},null);
insert into SYM_TRIGGER (TRIGGER_ID, SOURCE_CATALOG_NAME, SOURCE_SCHEMA_NAME, SOURCE_TABLE_NAME, CHANNEL_ID, RELOAD_CHANNEL_ID, SYNC_ON_UPDATE, SYNC_ON_INSERT, SYNC_ON_DELETE, SYNC_ON_INCOMING_BATCH, NAME_FOR_UPDATE_TRIGGER, NAME_FOR_INSERT_TRIGGER, NAME_FOR_DELETE_TRIGGER, SYNC_ON_UPDATE_CONDITION, SYNC_ON_INSERT_CONDITION, SYNC_ON_DELETE_CONDITION, CUSTOM_BEFORE_UPDATE_TEXT, CUSTOM_BEFORE_INSERT_TEXT, CUSTOM_BEFORE_DELETE_TEXT, CUSTOM_ON_UPDATE_TEXT, CUSTOM_ON_INSERT_TEXT, CUSTOM_ON_DELETE_TEXT, EXTERNAL_SELECT, TX_ID_EXPRESSION, CHANNEL_EXPRESSION, EXCLUDED_COLUMN_NAMES, INCLUDED_COLUMN_NAMES, SYNC_KEY_NAMES, USE_STREAM_LOBS, USE_CAPTURE_LOBS, USE_CAPTURE_OLD_DATA, USE_HANDLE_KEY_UPDATES, STREAM_ROW, CREATE_TIME, LAST_UPDATE_BY, LAST_UPDATE_TIME, DESCRIPTION) values ('prm_module',null,null,'PRM_MODULE','versions','reload',1,1,1,1,null,null,null,'1=1','1=1','1=1',null,null,null,null,null,null,null,null,null,null,null,null,0,0,1,1,0,{ts '2019-03-05 15:41:18.748'},'admin',{ts '2019-03-05 15:42:27.106'},null);
insert into SYM_TRIGGER (TRIGGER_ID, SOURCE_CATALOG_NAME, SOURCE_SCHEMA_NAME, SOURCE_TABLE_NAME, CHANNEL_ID, RELOAD_CHANNEL_ID, SYNC_ON_UPDATE, SYNC_ON_INSERT, SYNC_ON_DELETE, SYNC_ON_INCOMING_BATCH, NAME_FOR_UPDATE_TRIGGER, NAME_FOR_INSERT_TRIGGER, NAME_FOR_DELETE_TRIGGER, SYNC_ON_UPDATE_CONDITION, SYNC_ON_INSERT_CONDITION, SYNC_ON_DELETE_CONDITION, CUSTOM_BEFORE_UPDATE_TEXT, CUSTOM_BEFORE_INSERT_TEXT, CUSTOM_BEFORE_DELETE_TEXT, CUSTOM_ON_UPDATE_TEXT, CUSTOM_ON_INSERT_TEXT, CUSTOM_ON_DELETE_TEXT, EXTERNAL_SELECT, TX_ID_EXPRESSION, CHANNEL_EXPRESSION, EXCLUDED_COLUMN_NAMES, INCLUDED_COLUMN_NAMES, SYNC_KEY_NAMES, USE_STREAM_LOBS, USE_CAPTURE_LOBS, USE_CAPTURE_OLD_DATA, USE_HANDLE_KEY_UPDATES, STREAM_ROW, CREATE_TIME, LAST_UPDATE_BY, LAST_UPDATE_TIME, DESCRIPTION) values ('tax_module',null,null,'TAX_MODULE','versions','reload',1,1,1,1,null,null,null,'1=1','1=1','1=1',null,null,null,null,null,null,null,null,null,null,null,null,0,0,1,1,0,{ts '2019-03-05 15:41:18.756'},'admin',{ts '2019-03-05 15:42:27.110'},null);
insert into SYM_TRIGGER (TRIGGER_ID, SOURCE_CATALOG_NAME, SOURCE_SCHEMA_NAME, SOURCE_TABLE_NAME, CHANNEL_ID, RELOAD_CHANNEL_ID, SYNC_ON_UPDATE, SYNC_ON_INSERT, SYNC_ON_DELETE, SYNC_ON_INCOMING_BATCH, NAME_FOR_UPDATE_TRIGGER, NAME_FOR_INSERT_TRIGGER, NAME_FOR_DELETE_TRIGGER, SYNC_ON_UPDATE_CONDITION, SYNC_ON_INSERT_CONDITION, SYNC_ON_DELETE_CONDITION, CUSTOM_BEFORE_UPDATE_TEXT, CUSTOM_BEFORE_INSERT_TEXT, CUSTOM_BEFORE_DELETE_TEXT, CUSTOM_ON_UPDATE_TEXT, CUSTOM_ON_INSERT_TEXT, CUSTOM_ON_DELETE_TEXT, EXTERNAL_SELECT, TX_ID_EXPRESSION, CHANNEL_EXPRESSION, EXCLUDED_COLUMN_NAMES, INCLUDED_COLUMN_NAMES, SYNC_KEY_NAMES, USE_STREAM_LOBS, USE_CAPTURE_LOBS, USE_CAPTURE_OLD_DATA, USE_HANDLE_KEY_UPDATES, STREAM_ROW, CREATE_TIME, LAST_UPDATE_BY, LAST_UPDATE_TIME, DESCRIPTION) values ('ops_module',null,null,'OPS_MODULE','versions','reload',1,1,1,1,null,null,null,'1=1','1=1','1=1',null,null,null,null,null,null,null,null,null,null,null,null,0,0,1,1,0,{ts '2019-03-05 15:41:18.729'},'admin',{ts '2019-03-05 15:42:27.114'},null);
insert into SYM_TRIGGER (TRIGGER_ID, SOURCE_CATALOG_NAME, SOURCE_SCHEMA_NAME, SOURCE_TABLE_NAME, CHANNEL_ID, RELOAD_CHANNEL_ID, SYNC_ON_UPDATE, SYNC_ON_INSERT, SYNC_ON_DELETE, SYNC_ON_INCOMING_BATCH, NAME_FOR_UPDATE_TRIGGER, NAME_FOR_INSERT_TRIGGER, NAME_FOR_DELETE_TRIGGER, SYNC_ON_UPDATE_CONDITION, SYNC_ON_INSERT_CONDITION, SYNC_ON_DELETE_CONDITION, CUSTOM_BEFORE_UPDATE_TEXT, CUSTOM_BEFORE_INSERT_TEXT, CUSTOM_BEFORE_DELETE_TEXT, CUSTOM_ON_UPDATE_TEXT, CUSTOM_ON_INSERT_TEXT, CUSTOM_ON_DELETE_TEXT, EXTERNAL_SELECT, TX_ID_EXPRESSION, CHANNEL_EXPRESSION, EXCLUDED_COLUMN_NAMES, INCLUDED_COLUMN_NAMES, SYNC_KEY_NAMES, USE_STREAM_LOBS, USE_CAPTURE_LOBS, USE_CAPTURE_OLD_DATA, USE_HANDLE_KEY_UPDATES, STREAM_ROW, CREATE_TIME, LAST_UPDATE_BY, LAST_UPDATE_TIME, DESCRIPTION) values ('pay_module',null,null,'PAY_MODULE','versions','reload',1,1,1,1,null,null,null,'1=1','1=1','1=1',null,null,null,null,null,null,null,null,null,null,null,null,0,0,1,1,0,{ts '2019-03-05 15:41:18.741'},'admin',{ts '2019-03-05 15:42:27.118'},null);
insert into SYM_TRIGGER (TRIGGER_ID, SOURCE_CATALOG_NAME, SOURCE_SCHEMA_NAME, SOURCE_TABLE_NAME, CHANNEL_ID, RELOAD_CHANNEL_ID, SYNC_ON_UPDATE, SYNC_ON_INSERT, SYNC_ON_DELETE, SYNC_ON_INCOMING_BATCH, NAME_FOR_UPDATE_TRIGGER, NAME_FOR_INSERT_TRIGGER, NAME_FOR_DELETE_TRIGGER, SYNC_ON_UPDATE_CONDITION, SYNC_ON_INSERT_CONDITION, SYNC_ON_DELETE_CONDITION, CUSTOM_BEFORE_UPDATE_TEXT, CUSTOM_BEFORE_INSERT_TEXT, CUSTOM_BEFORE_DELETE_TEXT, CUSTOM_ON_UPDATE_TEXT, CUSTOM_ON_INSERT_TEXT, CUSTOM_ON_DELETE_TEXT, EXTERNAL_SELECT, TX_ID_EXPRESSION, CHANNEL_EXPRESSION, EXCLUDED_COLUMN_NAMES, INCLUDED_COLUMN_NAMES, SYNC_KEY_NAMES, USE_STREAM_LOBS, USE_CAPTURE_LOBS, USE_CAPTURE_OLD_DATA, USE_HANDLE_KEY_UPDATES, STREAM_ROW, CREATE_TIME, LAST_UPDATE_BY, LAST_UPDATE_TIME, DESCRIPTION) values ('sls_module',null,null,'SLS_MODULE','versions','reload',1,1,1,1,null,null,null,'1=1','1=1','1=1',null,null,null,null,null,null,null,null,null,null,null,null,0,0,1,1,0,{ts '2019-03-05 15:41:18.752'},'admin',{ts '2019-03-05 15:42:27.122'},null);
insert into SYM_TRIGGER (TRIGGER_ID, SOURCE_CATALOG_NAME, SOURCE_SCHEMA_NAME, SOURCE_TABLE_NAME, CHANNEL_ID, RELOAD_CHANNEL_ID, SYNC_ON_UPDATE, SYNC_ON_INSERT, SYNC_ON_DELETE, SYNC_ON_INCOMING_BATCH, NAME_FOR_UPDATE_TRIGGER, NAME_FOR_INSERT_TRIGGER, NAME_FOR_DELETE_TRIGGER, SYNC_ON_UPDATE_CONDITION, SYNC_ON_INSERT_CONDITION, SYNC_ON_DELETE_CONDITION, CUSTOM_BEFORE_UPDATE_TEXT, CUSTOM_BEFORE_INSERT_TEXT, CUSTOM_BEFORE_DELETE_TEXT, CUSTOM_ON_UPDATE_TEXT, CUSTOM_ON_INSERT_TEXT, CUSTOM_ON_DELETE_TEXT, EXTERNAL_SELECT, TX_ID_EXPRESSION, CHANNEL_EXPRESSION, EXCLUDED_COLUMN_NAMES, INCLUDED_COLUMN_NAMES, SYNC_KEY_NAMES, USE_STREAM_LOBS, USE_CAPTURE_LOBS, USE_CAPTURE_OLD_DATA, USE_HANDLE_KEY_UPDATES, STREAM_ROW, CREATE_TIME, LAST_UPDATE_BY, LAST_UPDATE_TIME, DESCRIPTION) values ('dev_module',null,null,'DEV_MODULE','versions','reload',1,1,1,1,null,null,null,'1=1','1=1','1=1',null,null,null,null,null,null,null,null,null,null,null,null,0,0,1,1,0,{ts '2019-03-05 15:41:18.710'},'admin',{ts '2019-03-05 15:42:27.129'},null);
insert into SYM_TRIGGER (TRIGGER_ID, SOURCE_CATALOG_NAME, SOURCE_SCHEMA_NAME, SOURCE_TABLE_NAME, CHANNEL_ID, RELOAD_CHANNEL_ID, SYNC_ON_UPDATE, SYNC_ON_INSERT, SYNC_ON_DELETE, SYNC_ON_INCOMING_BATCH, NAME_FOR_UPDATE_TRIGGER, NAME_FOR_INSERT_TRIGGER, NAME_FOR_DELETE_TRIGGER, SYNC_ON_UPDATE_CONDITION, SYNC_ON_INSERT_CONDITION, SYNC_ON_DELETE_CONDITION, CUSTOM_BEFORE_UPDATE_TEXT, CUSTOM_BEFORE_INSERT_TEXT, CUSTOM_BEFORE_DELETE_TEXT, CUSTOM_ON_UPDATE_TEXT, CUSTOM_ON_INSERT_TEXT, CUSTOM_ON_DELETE_TEXT, EXTERNAL_SELECT, TX_ID_EXPRESSION, CHANNEL_EXPRESSION, EXCLUDED_COLUMN_NAMES, INCLUDED_COLUMN_NAMES, SYNC_KEY_NAMES, USE_STREAM_LOBS, USE_CAPTURE_LOBS, USE_CAPTURE_OLD_DATA, USE_HANDLE_KEY_UPDATES, STREAM_ROW, CREATE_TIME, LAST_UPDATE_BY, LAST_UPDATE_TIME, DESCRIPTION) values ('cust_module',null,null,'CUST_MODULE','versions','reload',1,1,1,1,null,null,null,'1=1','1=1','1=1',null,null,null,null,null,null,null,null,null,null,null,null,0,0,1,1,0,{ts '2019-03-05 15:41:18.704'},'admin',{ts '2019-03-05 15:42:27.133'},null);
insert into SYM_TRIGGER (TRIGGER_ID, SOURCE_CATALOG_NAME, SOURCE_SCHEMA_NAME, SOURCE_TABLE_NAME, CHANNEL_ID, RELOAD_CHANNEL_ID, SYNC_ON_UPDATE, SYNC_ON_INSERT, SYNC_ON_DELETE, SYNC_ON_INCOMING_BATCH, NAME_FOR_UPDATE_TRIGGER, NAME_FOR_INSERT_TRIGGER, NAME_FOR_DELETE_TRIGGER, SYNC_ON_UPDATE_CONDITION, SYNC_ON_INSERT_CONDITION, SYNC_ON_DELETE_CONDITION, CUSTOM_BEFORE_UPDATE_TEXT, CUSTOM_BEFORE_INSERT_TEXT, CUSTOM_BEFORE_DELETE_TEXT, CUSTOM_ON_UPDATE_TEXT, CUSTOM_ON_INSERT_TEXT, CUSTOM_ON_DELETE_TEXT, EXTERNAL_SELECT, TX_ID_EXPRESSION, CHANNEL_EXPRESSION, EXCLUDED_COLUMN_NAMES, INCLUDED_COLUMN_NAMES, SYNC_KEY_NAMES, USE_STREAM_LOBS, USE_CAPTURE_LOBS, USE_CAPTURE_OLD_DATA, USE_HANDLE_KEY_UPDATES, STREAM_ROW, CREATE_TIME, LAST_UPDATE_BY, LAST_UPDATE_TIME, DESCRIPTION) values ('usr_module',null,null,'USR_MODULE','versions','reload',1,1,1,1,null,null,null,'1=1','1=1','1=1',null,null,null,null,null,null,null,null,null,null,null,null,0,0,1,1,0,{ts '2019-03-05 15:41:18.760'},'admin',{ts '2019-03-05 15:42:27.137'},null);
insert into SYM_TRIGGER (TRIGGER_ID, SOURCE_CATALOG_NAME, SOURCE_SCHEMA_NAME, SOURCE_TABLE_NAME, CHANNEL_ID, RELOAD_CHANNEL_ID, SYNC_ON_UPDATE, SYNC_ON_INSERT, SYNC_ON_DELETE, SYNC_ON_INCOMING_BATCH, NAME_FOR_UPDATE_TRIGGER, NAME_FOR_INSERT_TRIGGER, NAME_FOR_DELETE_TRIGGER, SYNC_ON_UPDATE_CONDITION, SYNC_ON_INSERT_CONDITION, SYNC_ON_DELETE_CONDITION, CUSTOM_BEFORE_UPDATE_TEXT, CUSTOM_BEFORE_INSERT_TEXT, CUSTOM_BEFORE_DELETE_TEXT, CUSTOM_ON_UPDATE_TEXT, CUSTOM_ON_INSERT_TEXT, CUSTOM_ON_DELETE_TEXT, EXTERNAL_SELECT, TX_ID_EXPRESSION, CHANNEL_EXPRESSION, EXCLUDED_COLUMN_NAMES, INCLUDED_COLUMN_NAMES, SYNC_KEY_NAMES, USE_STREAM_LOBS, USE_CAPTURE_LOBS, USE_CAPTURE_OLD_DATA, USE_HANDLE_KEY_UPDATES, STREAM_ROW, CREATE_TIME, LAST_UPDATE_BY, LAST_UPDATE_TIME, DESCRIPTION) values ('i18n_resource',null,null,'I18N_RESOURCE','i18n','reload',1,1,1,1,null,null,null,'1=1','1=1','1=1',null,null,null,null,null,null,null,null,null,null,null,null,0,0,1,1,0,{ts '2019-03-05 15:48:03.689'},'admin',{ts '2019-03-05 15:48:14.792'},null);
insert into SYM_TRIGGER (TRIGGER_ID, SOURCE_CATALOG_NAME, SOURCE_SCHEMA_NAME, SOURCE_TABLE_NAME, CHANNEL_ID, RELOAD_CHANNEL_ID, SYNC_ON_UPDATE, SYNC_ON_INSERT, SYNC_ON_DELETE, SYNC_ON_INCOMING_BATCH, NAME_FOR_UPDATE_TRIGGER, NAME_FOR_INSERT_TRIGGER, NAME_FOR_DELETE_TRIGGER, SYNC_ON_UPDATE_CONDITION, SYNC_ON_INSERT_CONDITION, SYNC_ON_DELETE_CONDITION, CUSTOM_BEFORE_UPDATE_TEXT, CUSTOM_BEFORE_INSERT_TEXT, CUSTOM_BEFORE_DELETE_TEXT, CUSTOM_ON_UPDATE_TEXT, CUSTOM_ON_INSERT_TEXT, CUSTOM_ON_DELETE_TEXT, EXTERNAL_SELECT, TX_ID_EXPRESSION, CHANNEL_EXPRESSION, EXCLUDED_COLUMN_NAMES, INCLUDED_COLUMN_NAMES, SYNC_KEY_NAMES, USE_STREAM_LOBS, USE_CAPTURE_LOBS, USE_CAPTURE_OLD_DATA, USE_HANDLE_KEY_UPDATES, STREAM_ROW, CREATE_TIME, LAST_UPDATE_BY, LAST_UPDATE_TIME, DESCRIPTION) values ('itm_item',null,null,'ITM_ITEM','itm','reload',1,1,1,1,null,null,null,'1=1','1=1','1=1',null,null,null,null,null,null,null,null,null,null,null,null,0,0,1,1,0,{ts '2019-03-05 15:49:14.444'},'admin',{ts '2019-03-05 15:49:26.723'},null);
insert into SYM_TRIGGER (TRIGGER_ID, SOURCE_CATALOG_NAME, SOURCE_SCHEMA_NAME, SOURCE_TABLE_NAME, CHANNEL_ID, RELOAD_CHANNEL_ID, SYNC_ON_UPDATE, SYNC_ON_INSERT, SYNC_ON_DELETE, SYNC_ON_INCOMING_BATCH, NAME_FOR_UPDATE_TRIGGER, NAME_FOR_INSERT_TRIGGER, NAME_FOR_DELETE_TRIGGER, SYNC_ON_UPDATE_CONDITION, SYNC_ON_INSERT_CONDITION, SYNC_ON_DELETE_CONDITION, CUSTOM_BEFORE_UPDATE_TEXT, CUSTOM_BEFORE_INSERT_TEXT, CUSTOM_BEFORE_DELETE_TEXT, CUSTOM_ON_UPDATE_TEXT, CUSTOM_ON_INSERT_TEXT, CUSTOM_ON_DELETE_TEXT, EXTERNAL_SELECT, TX_ID_EXPRESSION, CHANNEL_EXPRESSION, EXCLUDED_COLUMN_NAMES, INCLUDED_COLUMN_NAMES, SYNC_KEY_NAMES, USE_STREAM_LOBS, USE_CAPTURE_LOBS, USE_CAPTURE_OLD_DATA, USE_HANDLE_KEY_UPDATES, STREAM_ROW, CREATE_TIME, LAST_UPDATE_BY, LAST_UPDATE_TIME, DESCRIPTION) values ('itm_item_image',null,null,'ITM_ITEM_IMAGE','itm','reload',1,1,1,1,null,null,null,'1=1','1=1','1=1',null,null,null,null,null,null,null,null,null,null,null,null,0,0,1,1,0,{ts '2019-03-05 15:49:14.444'},'admin',{ts '2019-03-05 15:49:26.723'},null);
insert into SYM_TRIGGER (TRIGGER_ID, SOURCE_CATALOG_NAME, SOURCE_SCHEMA_NAME, SOURCE_TABLE_NAME, CHANNEL_ID, RELOAD_CHANNEL_ID, SYNC_ON_UPDATE, SYNC_ON_INSERT, SYNC_ON_DELETE, SYNC_ON_INCOMING_BATCH, NAME_FOR_UPDATE_TRIGGER, NAME_FOR_INSERT_TRIGGER, NAME_FOR_DELETE_TRIGGER, SYNC_ON_UPDATE_CONDITION, SYNC_ON_INSERT_CONDITION, SYNC_ON_DELETE_CONDITION, CUSTOM_BEFORE_UPDATE_TEXT, CUSTOM_BEFORE_INSERT_TEXT, CUSTOM_BEFORE_DELETE_TEXT, CUSTOM_ON_UPDATE_TEXT, CUSTOM_ON_INSERT_TEXT, CUSTOM_ON_DELETE_TEXT, EXTERNAL_SELECT, TX_ID_EXPRESSION, CHANNEL_EXPRESSION, EXCLUDED_COLUMN_NAMES, INCLUDED_COLUMN_NAMES, SYNC_KEY_NAMES, USE_STREAM_LOBS, USE_CAPTURE_LOBS, USE_CAPTURE_OLD_DATA, USE_HANDLE_KEY_UPDATES, STREAM_ROW, CREATE_TIME, LAST_UPDATE_BY, LAST_UPDATE_TIME, DESCRIPTION) values ('itm_item_group_member',null,null,'ITM_ITEM_GROUP_MEMBER','itm','reload',1,1,1,1,null,null,null,'1=1','1=1','1=1',null,null,null,null,null,null,null,null,null,null,null,null,0,0,1,1,0,{ts '2019-03-05 15:49:14.452'},'admin',{ts '2019-03-05 15:49:26.750'},null);
insert into SYM_TRIGGER (TRIGGER_ID, SOURCE_CATALOG_NAME, SOURCE_SCHEMA_NAME, SOURCE_TABLE_NAME, CHANNEL_ID, RELOAD_CHANNEL_ID, SYNC_ON_UPDATE, SYNC_ON_INSERT, SYNC_ON_DELETE, SYNC_ON_INCOMING_BATCH, NAME_FOR_UPDATE_TRIGGER, NAME_FOR_INSERT_TRIGGER, NAME_FOR_DELETE_TRIGGER, SYNC_ON_UPDATE_CONDITION, SYNC_ON_INSERT_CONDITION, SYNC_ON_DELETE_CONDITION, CUSTOM_BEFORE_UPDATE_TEXT, CUSTOM_BEFORE_INSERT_TEXT, CUSTOM_BEFORE_DELETE_TEXT, CUSTOM_ON_UPDATE_TEXT, CUSTOM_ON_INSERT_TEXT, CUSTOM_ON_DELETE_TEXT, EXTERNAL_SELECT, TX_ID_EXPRESSION, CHANNEL_EXPRESSION, EXCLUDED_COLUMN_NAMES, INCLUDED_COLUMN_NAMES, SYNC_KEY_NAMES, USE_STREAM_LOBS, USE_CAPTURE_LOBS, USE_CAPTURE_OLD_DATA, USE_HANDLE_KEY_UPDATES, STREAM_ROW, CREATE_TIME, LAST_UPDATE_BY, LAST_UPDATE_TIME, DESCRIPTION) values ('itm_item_id',null,null,'ITM_ITEM_ID','itm','reload',1,1,1,1,null,null,null,'1=1','1=1','1=1',null,null,null,null,null,null,null,null,null,null,null,null,0,0,1,1,0,{ts '2019-03-05 15:49:14.456'},'admin',{ts '2019-03-05 15:49:26.771'},null);
insert into SYM_TRIGGER (TRIGGER_ID, SOURCE_CATALOG_NAME, SOURCE_SCHEMA_NAME, SOURCE_TABLE_NAME, CHANNEL_ID, RELOAD_CHANNEL_ID, SYNC_ON_UPDATE, SYNC_ON_INSERT, SYNC_ON_DELETE, SYNC_ON_INCOMING_BATCH, NAME_FOR_UPDATE_TRIGGER, NAME_FOR_INSERT_TRIGGER, NAME_FOR_DELETE_TRIGGER, SYNC_ON_UPDATE_CONDITION, SYNC_ON_INSERT_CONDITION, SYNC_ON_DELETE_CONDITION, CUSTOM_BEFORE_UPDATE_TEXT, CUSTOM_BEFORE_INSERT_TEXT, CUSTOM_BEFORE_DELETE_TEXT, CUSTOM_ON_UPDATE_TEXT, CUSTOM_ON_INSERT_TEXT, CUSTOM_ON_DELETE_TEXT, EXTERNAL_SELECT, TX_ID_EXPRESSION, CHANNEL_EXPRESSION, EXCLUDED_COLUMN_NAMES, INCLUDED_COLUMN_NAMES, SYNC_KEY_NAMES, USE_STREAM_LOBS, USE_CAPTURE_LOBS, USE_CAPTURE_OLD_DATA, USE_HANDLE_KEY_UPDATES, STREAM_ROW, CREATE_TIME, LAST_UPDATE_BY, LAST_UPDATE_TIME, DESCRIPTION) values ('itm_selling_rule',null,null,'ITM_SELLING_RULE','itm','reload',1,1,1,1,null,null,null,'1=1','1=1','1=1',null,null,null,null,null,null,null,null,null,null,null,null,0,0,1,1,0,{ts '2019-03-05 15:49:14.463'},'admin',{ts '2019-03-05 15:49:26.791'},null);
insert into SYM_TRIGGER (TRIGGER_ID, SOURCE_CATALOG_NAME, SOURCE_SCHEMA_NAME, SOURCE_TABLE_NAME, CHANNEL_ID, RELOAD_CHANNEL_ID, SYNC_ON_UPDATE, SYNC_ON_INSERT, SYNC_ON_DELETE, SYNC_ON_INCOMING_BATCH, NAME_FOR_UPDATE_TRIGGER, NAME_FOR_INSERT_TRIGGER, NAME_FOR_DELETE_TRIGGER, SYNC_ON_UPDATE_CONDITION, SYNC_ON_INSERT_CONDITION, SYNC_ON_DELETE_CONDITION, CUSTOM_BEFORE_UPDATE_TEXT, CUSTOM_BEFORE_INSERT_TEXT, CUSTOM_BEFORE_DELETE_TEXT, CUSTOM_ON_UPDATE_TEXT, CUSTOM_ON_INSERT_TEXT, CUSTOM_ON_DELETE_TEXT, EXTERNAL_SELECT, TX_ID_EXPRESSION, CHANNEL_EXPRESSION, EXCLUDED_COLUMN_NAMES, INCLUDED_COLUMN_NAMES, SYNC_KEY_NAMES, USE_STREAM_LOBS, USE_CAPTURE_LOBS, USE_CAPTURE_OLD_DATA, USE_HANDLE_KEY_UPDATES, STREAM_ROW, CREATE_TIME, LAST_UPDATE_BY, LAST_UPDATE_TIME, DESCRIPTION) values ('itm_selling_price',null,null,'ITM_SELLING_PRICE','itm','reload',1,1,1,1,null,null,null,'1=1','1=1','1=1',null,null,null,null,null,null,null,null,null,null,null,null,0,0,1,1,0,{ts '2019-03-05 15:49:14.460'},'admin',{ts '2019-03-05 15:49:26.832'},null);
insert into SYM_TRIGGER (TRIGGER_ID, SOURCE_CATALOG_NAME, SOURCE_SCHEMA_NAME, SOURCE_TABLE_NAME, CHANNEL_ID, RELOAD_CHANNEL_ID, SYNC_ON_UPDATE, SYNC_ON_INSERT, SYNC_ON_DELETE, SYNC_ON_INCOMING_BATCH, NAME_FOR_UPDATE_TRIGGER, NAME_FOR_INSERT_TRIGGER, NAME_FOR_DELETE_TRIGGER, SYNC_ON_UPDATE_CONDITION, SYNC_ON_INSERT_CONDITION, SYNC_ON_DELETE_CONDITION, CUSTOM_BEFORE_UPDATE_TEXT, CUSTOM_BEFORE_INSERT_TEXT, CUSTOM_BEFORE_DELETE_TEXT, CUSTOM_ON_UPDATE_TEXT, CUSTOM_ON_INSERT_TEXT, CUSTOM_ON_DELETE_TEXT, EXTERNAL_SELECT, TX_ID_EXPRESSION, CHANNEL_EXPRESSION, EXCLUDED_COLUMN_NAMES, INCLUDED_COLUMN_NAMES, SYNC_KEY_NAMES, USE_STREAM_LOBS, USE_CAPTURE_LOBS, USE_CAPTURE_OLD_DATA, USE_HANDLE_KEY_UPDATES, STREAM_ROW, CREATE_TIME, LAST_UPDATE_BY, LAST_UPDATE_TIME, DESCRIPTION) values ('itm_item_group',null,null,'ITM_ITEM_GROUP','itm','reload',1,1,1,1,null,null,null,'1=1','1=1','1=1',null,null,null,null,null,null,null,null,null,null,null,null,0,0,1,1,0,{ts '2019-03-05 15:49:14.448'},'admin',{ts '2019-03-05 15:49:26.858'},null);
insert into SYM_TRIGGER (TRIGGER_ID, SOURCE_CATALOG_NAME, SOURCE_SCHEMA_NAME, SOURCE_TABLE_NAME, CHANNEL_ID, RELOAD_CHANNEL_ID, SYNC_ON_UPDATE, SYNC_ON_INSERT, SYNC_ON_DELETE, SYNC_ON_INCOMING_BATCH, NAME_FOR_UPDATE_TRIGGER, NAME_FOR_INSERT_TRIGGER, NAME_FOR_DELETE_TRIGGER, SYNC_ON_UPDATE_CONDITION, SYNC_ON_INSERT_CONDITION, SYNC_ON_DELETE_CONDITION, CUSTOM_BEFORE_UPDATE_TEXT, CUSTOM_BEFORE_INSERT_TEXT, CUSTOM_BEFORE_DELETE_TEXT, CUSTOM_ON_UPDATE_TEXT, CUSTOM_ON_INSERT_TEXT, CUSTOM_ON_DELETE_TEXT, EXTERNAL_SELECT, TX_ID_EXPRESSION, CHANNEL_EXPRESSION, EXCLUDED_COLUMN_NAMES, INCLUDED_COLUMN_NAMES, SYNC_KEY_NAMES, USE_STREAM_LOBS, USE_CAPTURE_LOBS, USE_CAPTURE_OLD_DATA, USE_HANDLE_KEY_UPDATES, STREAM_ROW, CREATE_TIME, LAST_UPDATE_BY, LAST_UPDATE_TIME, DESCRIPTION) values ('itm_assigned_item',null,null,'ITM_ASSIGNED_ITEM','itm','reload',1,1,1,1,null,null,null,'1=1','1=1','1=1',null,null,null,null,null,null,null,null,null,null,null,null,0,0,1,1,0,{ts '2019-03-05 15:49:14.431'},'admin',{ts '2019-03-05 15:49:26.879'},null);
insert into SYM_TRIGGER (TRIGGER_ID, SOURCE_CATALOG_NAME, SOURCE_SCHEMA_NAME, SOURCE_TABLE_NAME, CHANNEL_ID, RELOAD_CHANNEL_ID, SYNC_ON_UPDATE, SYNC_ON_INSERT, SYNC_ON_DELETE, SYNC_ON_INCOMING_BATCH, NAME_FOR_UPDATE_TRIGGER, NAME_FOR_INSERT_TRIGGER, NAME_FOR_DELETE_TRIGGER, SYNC_ON_UPDATE_CONDITION, SYNC_ON_INSERT_CONDITION, SYNC_ON_DELETE_CONDITION, CUSTOM_BEFORE_UPDATE_TEXT, CUSTOM_BEFORE_INSERT_TEXT, CUSTOM_BEFORE_DELETE_TEXT, CUSTOM_ON_UPDATE_TEXT, CUSTOM_ON_INSERT_TEXT, CUSTOM_ON_DELETE_TEXT, EXTERNAL_SELECT, TX_ID_EXPRESSION, CHANNEL_EXPRESSION, EXCLUDED_COLUMN_NAMES, INCLUDED_COLUMN_NAMES, SYNC_KEY_NAMES, USE_STREAM_LOBS, USE_CAPTURE_LOBS, USE_CAPTURE_OLD_DATA, USE_HANDLE_KEY_UPDATES, STREAM_ROW, CREATE_TIME, LAST_UPDATE_BY, LAST_UPDATE_TIME, DESCRIPTION) values ('ops_unit_status',null,null,'OPS_UNIT_STATUS','ops','reload',1,1,1,1,null,null,null,'1=1','1=1','1=1',null,null,null,null,null,null,null,null,null,null,null,null,0,0,1,1,0,{ts '2019-03-05 15:49:14.431'},'admin',{ts '2019-03-05 15:49:26.879'},null);
insert into SYM_TRIGGER (TRIGGER_ID, SOURCE_CATALOG_NAME, SOURCE_SCHEMA_NAME, SOURCE_TABLE_NAME, CHANNEL_ID, RELOAD_CHANNEL_ID, SYNC_ON_UPDATE, SYNC_ON_INSERT, SYNC_ON_DELETE, SYNC_ON_INCOMING_BATCH, NAME_FOR_UPDATE_TRIGGER, NAME_FOR_INSERT_TRIGGER, NAME_FOR_DELETE_TRIGGER, SYNC_ON_UPDATE_CONDITION, SYNC_ON_INSERT_CONDITION, SYNC_ON_DELETE_CONDITION, CUSTOM_BEFORE_UPDATE_TEXT, CUSTOM_BEFORE_INSERT_TEXT, CUSTOM_BEFORE_DELETE_TEXT, CUSTOM_ON_UPDATE_TEXT, CUSTOM_ON_INSERT_TEXT, CUSTOM_ON_DELETE_TEXT, EXTERNAL_SELECT, TX_ID_EXPRESSION, CHANNEL_EXPRESSION, EXCLUDED_COLUMN_NAMES, INCLUDED_COLUMN_NAMES, SYNC_KEY_NAMES, USE_STREAM_LOBS, USE_CAPTURE_LOBS, USE_CAPTURE_OLD_DATA, USE_HANDLE_KEY_UPDATES, STREAM_ROW, CREATE_TIME, LAST_UPDATE_BY, LAST_UPDATE_TIME, DESCRIPTION) values ('ops_till',null,null,'OPS_TILL','ops','reload',1,1,1,1,null,null,null,'1=1','1=1','1=1',null,null,null,null,null,null,null,null,null,null,null,null,0,0,1,1,0,{ts '2019-03-05 15:49:14.431'},'admin',{ts '2019-03-05 15:49:26.879'},null);
insert into SYM_TRIGGER (TRIGGER_ID, SOURCE_CATALOG_NAME, SOURCE_SCHEMA_NAME, SOURCE_TABLE_NAME, CHANNEL_ID, RELOAD_CHANNEL_ID, SYNC_ON_UPDATE, SYNC_ON_INSERT, SYNC_ON_DELETE, SYNC_ON_INCOMING_BATCH, NAME_FOR_UPDATE_TRIGGER, NAME_FOR_INSERT_TRIGGER, NAME_FOR_DELETE_TRIGGER, SYNC_ON_UPDATE_CONDITION, SYNC_ON_INSERT_CONDITION, SYNC_ON_DELETE_CONDITION, CUSTOM_BEFORE_UPDATE_TEXT, CUSTOM_BEFORE_INSERT_TEXT, CUSTOM_BEFORE_DELETE_TEXT, CUSTOM_ON_UPDATE_TEXT, CUSTOM_ON_INSERT_TEXT, CUSTOM_ON_DELETE_TEXT, EXTERNAL_SELECT, TX_ID_EXPRESSION, CHANNEL_EXPRESSION, EXCLUDED_COLUMN_NAMES, INCLUDED_COLUMN_NAMES, SYNC_KEY_NAMES, USE_STREAM_LOBS, USE_CAPTURE_LOBS, USE_CAPTURE_OLD_DATA, USE_HANDLE_KEY_UPDATES, STREAM_ROW, CREATE_TIME, LAST_UPDATE_BY, LAST_UPDATE_TIME, DESCRIPTION) values ('ops_till_assignment',null,null,'OPS_TILL_ASSIGNMENT','ops','reload',1,1,1,1,null,null,null,'1=1','1=1','1=1',null,null,null,null,null,null,null,null,null,null,null,null,0,0,1,1,0,{ts '2019-03-05 15:49:14.431'},'admin',{ts '2019-03-05 15:49:26.879'},null);
insert into SYM_TRIGGER (TRIGGER_ID, SOURCE_CATALOG_NAME, SOURCE_SCHEMA_NAME, SOURCE_TABLE_NAME, CHANNEL_ID, RELOAD_CHANNEL_ID, SYNC_ON_UPDATE, SYNC_ON_INSERT, SYNC_ON_DELETE, SYNC_ON_INCOMING_BATCH, NAME_FOR_UPDATE_TRIGGER, NAME_FOR_INSERT_TRIGGER, NAME_FOR_DELETE_TRIGGER, SYNC_ON_UPDATE_CONDITION, SYNC_ON_INSERT_CONDITION, SYNC_ON_DELETE_CONDITION, CUSTOM_BEFORE_UPDATE_TEXT, CUSTOM_BEFORE_INSERT_TEXT, CUSTOM_BEFORE_DELETE_TEXT, CUSTOM_ON_UPDATE_TEXT, CUSTOM_ON_INSERT_TEXT, CUSTOM_ON_DELETE_TEXT, EXTERNAL_SELECT, TX_ID_EXPRESSION, CHANNEL_EXPRESSION, EXCLUDED_COLUMN_NAMES, INCLUDED_COLUMN_NAMES, SYNC_KEY_NAMES, USE_STREAM_LOBS, USE_CAPTURE_LOBS, USE_CAPTURE_OLD_DATA, USE_HANDLE_KEY_UPDATES, STREAM_ROW, CREATE_TIME, LAST_UPDATE_BY, LAST_UPDATE_TIME, DESCRIPTION) values ('prm_reward',null,null,'PRM_REWARD','prm','reload',1,1,1,1,null,null,null,'1=1','1=1','1=1',null,null,null,null,null,null,null,null,null,null,null,null,0,0,1,1,0,{ts '2019-03-05 15:50:47.132'},'admin',{ts '2019-03-05 15:50:56.150'},null);
insert into SYM_TRIGGER (TRIGGER_ID, SOURCE_CATALOG_NAME, SOURCE_SCHEMA_NAME, SOURCE_TABLE_NAME, CHANNEL_ID, RELOAD_CHANNEL_ID, SYNC_ON_UPDATE, SYNC_ON_INSERT, SYNC_ON_DELETE, SYNC_ON_INCOMING_BATCH, NAME_FOR_UPDATE_TRIGGER, NAME_FOR_INSERT_TRIGGER, NAME_FOR_DELETE_TRIGGER, SYNC_ON_UPDATE_CONDITION, SYNC_ON_INSERT_CONDITION, SYNC_ON_DELETE_CONDITION, CUSTOM_BEFORE_UPDATE_TEXT, CUSTOM_BEFORE_INSERT_TEXT, CUSTOM_BEFORE_DELETE_TEXT, CUSTOM_ON_UPDATE_TEXT, CUSTOM_ON_INSERT_TEXT, CUSTOM_ON_DELETE_TEXT, EXTERNAL_SELECT, TX_ID_EXPRESSION, CHANNEL_EXPRESSION, EXCLUDED_COLUMN_NAMES, INCLUDED_COLUMN_NAMES, SYNC_KEY_NAMES, USE_STREAM_LOBS, USE_CAPTURE_LOBS, USE_CAPTURE_OLD_DATA, USE_HANDLE_KEY_UPDATES, STREAM_ROW, CREATE_TIME, LAST_UPDATE_BY, LAST_UPDATE_TIME, DESCRIPTION) values ('prm_reward_item',null,null,'PRM_REWARD_ITEM','prm','reload',1,1,1,1,null,null,null,'1=1','1=1','1=1',null,null,null,null,null,null,null,null,null,null,null,null,0,0,1,1,0,{ts '2019-03-05 15:50:47.135'},'admin',{ts '2019-03-05 15:50:56.179'},null);
insert into SYM_TRIGGER (TRIGGER_ID, SOURCE_CATALOG_NAME, SOURCE_SCHEMA_NAME, SOURCE_TABLE_NAME, CHANNEL_ID, RELOAD_CHANNEL_ID, SYNC_ON_UPDATE, SYNC_ON_INSERT, SYNC_ON_DELETE, SYNC_ON_INCOMING_BATCH, NAME_FOR_UPDATE_TRIGGER, NAME_FOR_INSERT_TRIGGER, NAME_FOR_DELETE_TRIGGER, SYNC_ON_UPDATE_CONDITION, SYNC_ON_INSERT_CONDITION, SYNC_ON_DELETE_CONDITION, CUSTOM_BEFORE_UPDATE_TEXT, CUSTOM_BEFORE_INSERT_TEXT, CUSTOM_BEFORE_DELETE_TEXT, CUSTOM_ON_UPDATE_TEXT, CUSTOM_ON_INSERT_TEXT, CUSTOM_ON_DELETE_TEXT, EXTERNAL_SELECT, TX_ID_EXPRESSION, CHANNEL_EXPRESSION, EXCLUDED_COLUMN_NAMES, INCLUDED_COLUMN_NAMES, SYNC_KEY_NAMES, USE_STREAM_LOBS, USE_CAPTURE_LOBS, USE_CAPTURE_OLD_DATA, USE_HANDLE_KEY_UPDATES, STREAM_ROW, CREATE_TIME, LAST_UPDATE_BY, LAST_UPDATE_TIME, DESCRIPTION) values ('prm_qualification',null,null,'PRM_QUALIFICATION','prm','reload',1,1,1,1,null,null,null,'1=1','1=1','1=1',null,null,null,null,null,null,null,null,null,null,null,null,0,0,1,1,0,{ts '2019-03-05 15:50:47.124'},'admin',{ts '2019-03-05 15:50:56.201'},null);
insert into SYM_TRIGGER (TRIGGER_ID, SOURCE_CATALOG_NAME, SOURCE_SCHEMA_NAME, SOURCE_TABLE_NAME, CHANNEL_ID, RELOAD_CHANNEL_ID, SYNC_ON_UPDATE, SYNC_ON_INSERT, SYNC_ON_DELETE, SYNC_ON_INCOMING_BATCH, NAME_FOR_UPDATE_TRIGGER, NAME_FOR_INSERT_TRIGGER, NAME_FOR_DELETE_TRIGGER, SYNC_ON_UPDATE_CONDITION, SYNC_ON_INSERT_CONDITION, SYNC_ON_DELETE_CONDITION, CUSTOM_BEFORE_UPDATE_TEXT, CUSTOM_BEFORE_INSERT_TEXT, CUSTOM_BEFORE_DELETE_TEXT, CUSTOM_ON_UPDATE_TEXT, CUSTOM_ON_INSERT_TEXT, CUSTOM_ON_DELETE_TEXT, EXTERNAL_SELECT, TX_ID_EXPRESSION, CHANNEL_EXPRESSION, EXCLUDED_COLUMN_NAMES, INCLUDED_COLUMN_NAMES, SYNC_KEY_NAMES, USE_STREAM_LOBS, USE_CAPTURE_LOBS, USE_CAPTURE_OLD_DATA, USE_HANDLE_KEY_UPDATES, STREAM_ROW, CREATE_TIME, LAST_UPDATE_BY, LAST_UPDATE_TIME, DESCRIPTION) values ('prm_qualification_item',null,null,'PRM_QUALIFICATION_ITEM','prm','reload',1,1,1,1,null,null,null,'1=1','1=1','1=1',null,null,null,null,null,null,null,null,null,null,null,null,0,0,1,1,0,{ts '2019-03-05 15:50:47.128'},'admin',{ts '2019-03-05 15:50:56.223'},null);
insert into SYM_TRIGGER (TRIGGER_ID, SOURCE_CATALOG_NAME, SOURCE_SCHEMA_NAME, SOURCE_TABLE_NAME, CHANNEL_ID, RELOAD_CHANNEL_ID, SYNC_ON_UPDATE, SYNC_ON_INSERT, SYNC_ON_DELETE, SYNC_ON_INCOMING_BATCH, NAME_FOR_UPDATE_TRIGGER, NAME_FOR_INSERT_TRIGGER, NAME_FOR_DELETE_TRIGGER, SYNC_ON_UPDATE_CONDITION, SYNC_ON_INSERT_CONDITION, SYNC_ON_DELETE_CONDITION, CUSTOM_BEFORE_UPDATE_TEXT, CUSTOM_BEFORE_INSERT_TEXT, CUSTOM_BEFORE_DELETE_TEXT, CUSTOM_ON_UPDATE_TEXT, CUSTOM_ON_INSERT_TEXT, CUSTOM_ON_DELETE_TEXT, EXTERNAL_SELECT, TX_ID_EXPRESSION, CHANNEL_EXPRESSION, EXCLUDED_COLUMN_NAMES, INCLUDED_COLUMN_NAMES, SYNC_KEY_NAMES, USE_STREAM_LOBS, USE_CAPTURE_LOBS, USE_CAPTURE_OLD_DATA, USE_HANDLE_KEY_UPDATES, STREAM_ROW, CREATE_TIME, LAST_UPDATE_BY, LAST_UPDATE_TIME, DESCRIPTION) values ('prm_promotion',null,null,'PRM_PROMOTION','prm','reload',1,1,1,1,null,null,null,'1=1','1=1','1=1',null,null,null,null,null,null,null,null,null,null,null,null,0,0,1,1,0,{ts '2019-03-05 15:50:47.119'},'admin',{ts '2019-03-05 15:50:56.244'},null);
insert into SYM_TRIGGER (TRIGGER_ID, SOURCE_CATALOG_NAME, SOURCE_SCHEMA_NAME, SOURCE_TABLE_NAME, CHANNEL_ID, RELOAD_CHANNEL_ID, SYNC_ON_UPDATE, SYNC_ON_INSERT, SYNC_ON_DELETE, SYNC_ON_INCOMING_BATCH, NAME_FOR_UPDATE_TRIGGER, NAME_FOR_INSERT_TRIGGER, NAME_FOR_DELETE_TRIGGER, SYNC_ON_UPDATE_CONDITION, SYNC_ON_INSERT_CONDITION, SYNC_ON_DELETE_CONDITION, CUSTOM_BEFORE_UPDATE_TEXT, CUSTOM_BEFORE_INSERT_TEXT, CUSTOM_BEFORE_DELETE_TEXT, CUSTOM_ON_UPDATE_TEXT, CUSTOM_ON_INSERT_TEXT, CUSTOM_ON_DELETE_TEXT, EXTERNAL_SELECT, TX_ID_EXPRESSION, CHANNEL_EXPRESSION, EXCLUDED_COLUMN_NAMES, INCLUDED_COLUMN_NAMES, SYNC_KEY_NAMES, USE_STREAM_LOBS, USE_CAPTURE_LOBS, USE_CAPTURE_OLD_DATA, USE_HANDLE_KEY_UPDATES, STREAM_ROW, CREATE_TIME, LAST_UPDATE_BY, LAST_UPDATE_TIME, DESCRIPTION) values ('sls_till_assignment',null,null,'OPS_TILL_ASSIGNMENT','sls','reload',1,1,1,1,null,null,null,'1=1','1=1','1=1',null,null,null,null,null,null,null,null,null,null,null,null,0,0,1,1,0,{ts '2019-03-05 15:52:53.521'},'admin',{ts '2019-03-05 15:53:05.920'},null);
insert into SYM_TRIGGER (TRIGGER_ID, SOURCE_CATALOG_NAME, SOURCE_SCHEMA_NAME, SOURCE_TABLE_NAME, CHANNEL_ID, RELOAD_CHANNEL_ID, SYNC_ON_UPDATE, SYNC_ON_INSERT, SYNC_ON_DELETE, SYNC_ON_INCOMING_BATCH, NAME_FOR_UPDATE_TRIGGER, NAME_FOR_INSERT_TRIGGER, NAME_FOR_DELETE_TRIGGER, SYNC_ON_UPDATE_CONDITION, SYNC_ON_INSERT_CONDITION, SYNC_ON_DELETE_CONDITION, CUSTOM_BEFORE_UPDATE_TEXT, CUSTOM_BEFORE_INSERT_TEXT, CUSTOM_BEFORE_DELETE_TEXT, CUSTOM_ON_UPDATE_TEXT, CUSTOM_ON_INSERT_TEXT, CUSTOM_ON_DELETE_TEXT, EXTERNAL_SELECT, TX_ID_EXPRESSION, CHANNEL_EXPRESSION, EXCLUDED_COLUMN_NAMES, INCLUDED_COLUMN_NAMES, SYNC_KEY_NAMES, USE_STREAM_LOBS, USE_CAPTURE_LOBS, USE_CAPTURE_OLD_DATA, USE_HANDLE_KEY_UPDATES, STREAM_ROW, CREATE_TIME, LAST_UPDATE_BY, LAST_UPDATE_TIME, DESCRIPTION) values ('sls_tax_group_line_item',null,null,'SLS_TAX_GROUP_LINE_ITEM','sls','reload',1,1,1,1,null,null,null,'1=1','1=1','1=1',null,null,null,null,null,null,null,null,null,null,null,null,0,0,1,1,0,{ts '2019-03-05 15:52:53.505'},'admin',{ts '2019-03-05 15:53:05.926'},null);
insert into SYM_TRIGGER (TRIGGER_ID, SOURCE_CATALOG_NAME, SOURCE_SCHEMA_NAME, SOURCE_TABLE_NAME, CHANNEL_ID, RELOAD_CHANNEL_ID, SYNC_ON_UPDATE, SYNC_ON_INSERT, SYNC_ON_DELETE, SYNC_ON_INCOMING_BATCH, NAME_FOR_UPDATE_TRIGGER, NAME_FOR_INSERT_TRIGGER, NAME_FOR_DELETE_TRIGGER, SYNC_ON_UPDATE_CONDITION, SYNC_ON_INSERT_CONDITION, SYNC_ON_DELETE_CONDITION, CUSTOM_BEFORE_UPDATE_TEXT, CUSTOM_BEFORE_INSERT_TEXT, CUSTOM_BEFORE_DELETE_TEXT, CUSTOM_ON_UPDATE_TEXT, CUSTOM_ON_INSERT_TEXT, CUSTOM_ON_DELETE_TEXT, EXTERNAL_SELECT, TX_ID_EXPRESSION, CHANNEL_EXPRESSION, EXCLUDED_COLUMN_NAMES, INCLUDED_COLUMN_NAMES, SYNC_KEY_NAMES, USE_STREAM_LOBS, USE_CAPTURE_LOBS, USE_CAPTURE_OLD_DATA, USE_HANDLE_KEY_UPDATES, STREAM_ROW, CREATE_TIME, LAST_UPDATE_BY, LAST_UPDATE_TIME, DESCRIPTION) values ('sls_retail_line_item_price_mod',null,null,'SLS_RETAIL_LINE_ITEM_PRICE_MOD','sls','reload',1,1,1,1,null,null,null,'1=1','1=1','1=1',null,null,null,null,null,null,null,null,null,null,null,null,0,0,1,1,0,{ts '2019-03-05 15:52:53.496'},'admin',{ts '2019-03-05 15:53:05.931'},null);
insert into SYM_TRIGGER (TRIGGER_ID, SOURCE_CATALOG_NAME, SOURCE_SCHEMA_NAME, SOURCE_TABLE_NAME, CHANNEL_ID, RELOAD_CHANNEL_ID, SYNC_ON_UPDATE, SYNC_ON_INSERT, SYNC_ON_DELETE, SYNC_ON_INCOMING_BATCH, NAME_FOR_UPDATE_TRIGGER, NAME_FOR_INSERT_TRIGGER, NAME_FOR_DELETE_TRIGGER, SYNC_ON_UPDATE_CONDITION, SYNC_ON_INSERT_CONDITION, SYNC_ON_DELETE_CONDITION, CUSTOM_BEFORE_UPDATE_TEXT, CUSTOM_BEFORE_INSERT_TEXT, CUSTOM_BEFORE_DELETE_TEXT, CUSTOM_ON_UPDATE_TEXT, CUSTOM_ON_INSERT_TEXT, CUSTOM_ON_DELETE_TEXT, EXTERNAL_SELECT, TX_ID_EXPRESSION, CHANNEL_EXPRESSION, EXCLUDED_COLUMN_NAMES, INCLUDED_COLUMN_NAMES, SYNC_KEY_NAMES, USE_STREAM_LOBS, USE_CAPTURE_LOBS, USE_CAPTURE_OLD_DATA, USE_HANDLE_KEY_UPDATES, STREAM_ROW, CREATE_TIME, LAST_UPDATE_BY, LAST_UPDATE_TIME, DESCRIPTION) values ('sls_retail_line_item',null,null,'SLS_RETAIL_LINE_ITEM','sls','reload',1,1,1,1,null,null,null,'1=1','1=1','1=1',null,null,null,null,null,null,null,null,null,null,null,null,0,0,1,1,0,{ts '2019-03-05 15:52:53.491'},'admin',{ts '2019-03-05 15:53:05.936'},null);
insert into SYM_TRIGGER (TRIGGER_ID, SOURCE_CATALOG_NAME, SOURCE_SCHEMA_NAME, SOURCE_TABLE_NAME, CHANNEL_ID, RELOAD_CHANNEL_ID, SYNC_ON_UPDATE, SYNC_ON_INSERT, SYNC_ON_DELETE, SYNC_ON_INCOMING_BATCH, NAME_FOR_UPDATE_TRIGGER, NAME_FOR_INSERT_TRIGGER, NAME_FOR_DELETE_TRIGGER, SYNC_ON_UPDATE_CONDITION, SYNC_ON_INSERT_CONDITION, SYNC_ON_DELETE_CONDITION, CUSTOM_BEFORE_UPDATE_TEXT, CUSTOM_BEFORE_INSERT_TEXT, CUSTOM_BEFORE_DELETE_TEXT, CUSTOM_ON_UPDATE_TEXT, CUSTOM_ON_INSERT_TEXT, CUSTOM_ON_DELETE_TEXT, EXTERNAL_SELECT, TX_ID_EXPRESSION, CHANNEL_EXPRESSION, EXCLUDED_COLUMN_NAMES, INCLUDED_COLUMN_NAMES, SYNC_KEY_NAMES, USE_STREAM_LOBS, USE_CAPTURE_LOBS, USE_CAPTURE_OLD_DATA, USE_HANDLE_KEY_UPDATES, STREAM_ROW, CREATE_TIME, LAST_UPDATE_BY, LAST_UPDATE_TIME, DESCRIPTION) values ('sls_till',null,null,'OPS_TILL','sls','reload',1,1,1,1,null,null,null,'1=1','1=1','1=1',null,null,null,null,null,null,null,null,null,null,null,null,0,0,1,1,0,{ts '2019-03-05 15:52:53.517'},'admin',{ts '2019-03-05 15:53:05.941'},null);
insert into SYM_TRIGGER (TRIGGER_ID, SOURCE_CATALOG_NAME, SOURCE_SCHEMA_NAME, SOURCE_TABLE_NAME, CHANNEL_ID, RELOAD_CHANNEL_ID, SYNC_ON_UPDATE, SYNC_ON_INSERT, SYNC_ON_DELETE, SYNC_ON_INCOMING_BATCH, NAME_FOR_UPDATE_TRIGGER, NAME_FOR_INSERT_TRIGGER, NAME_FOR_DELETE_TRIGGER, SYNC_ON_UPDATE_CONDITION, SYNC_ON_INSERT_CONDITION, SYNC_ON_DELETE_CONDITION, CUSTOM_BEFORE_UPDATE_TEXT, CUSTOM_BEFORE_INSERT_TEXT, CUSTOM_BEFORE_DELETE_TEXT, CUSTOM_ON_UPDATE_TEXT, CUSTOM_ON_INSERT_TEXT, CUSTOM_ON_DELETE_TEXT, EXTERNAL_SELECT, TX_ID_EXPRESSION, CHANNEL_EXPRESSION, EXCLUDED_COLUMN_NAMES, INCLUDED_COLUMN_NAMES, SYNC_KEY_NAMES, USE_STREAM_LOBS, USE_CAPTURE_LOBS, USE_CAPTURE_OLD_DATA, USE_HANDLE_KEY_UPDATES, STREAM_ROW, CREATE_TIME, LAST_UPDATE_BY, LAST_UPDATE_TIME, DESCRIPTION) values ('sls_retail_trans',null,null,'SLS_RETAIL_TRANS','sls','reload',1,1,1,1,null,null,null,'1=1','1=1','1=1',null,null,null,null,null,null,null,null,null,null,null,null,0,0,1,1,0,{ts '2019-03-05 15:52:53.501'},'admin',{ts '2019-03-05 15:53:05.945'},null);
insert into SYM_TRIGGER (TRIGGER_ID, SOURCE_CATALOG_NAME, SOURCE_SCHEMA_NAME, SOURCE_TABLE_NAME, CHANNEL_ID, RELOAD_CHANNEL_ID, SYNC_ON_UPDATE, SYNC_ON_INSERT, SYNC_ON_DELETE, SYNC_ON_INCOMING_BATCH, NAME_FOR_UPDATE_TRIGGER, NAME_FOR_INSERT_TRIGGER, NAME_FOR_DELETE_TRIGGER, SYNC_ON_UPDATE_CONDITION, SYNC_ON_INSERT_CONDITION, SYNC_ON_DELETE_CONDITION, CUSTOM_BEFORE_UPDATE_TEXT, CUSTOM_BEFORE_INSERT_TEXT, CUSTOM_BEFORE_DELETE_TEXT, CUSTOM_ON_UPDATE_TEXT, CUSTOM_ON_INSERT_TEXT, CUSTOM_ON_DELETE_TEXT, EXTERNAL_SELECT, TX_ID_EXPRESSION, CHANNEL_EXPRESSION, EXCLUDED_COLUMN_NAMES, INCLUDED_COLUMN_NAMES, SYNC_KEY_NAMES, USE_STREAM_LOBS, USE_CAPTURE_LOBS, USE_CAPTURE_OLD_DATA, USE_HANDLE_KEY_UPDATES, STREAM_ROW, CREATE_TIME, LAST_UPDATE_BY, LAST_UPDATE_TIME, DESCRIPTION) values ('sls_trans',null,null,'SLS_TRANS','sls','reload',1,1,1,1,null,null,null,'1=1','1=1','1=1',null,null,null,null,null,null,null,null,null,null,null,null,0,0,1,1,0,{ts '2019-03-05 15:52:53.525'},'admin',{ts '2019-03-05 15:53:05.950'},null);
insert into SYM_TRIGGER (TRIGGER_ID, SOURCE_CATALOG_NAME, SOURCE_SCHEMA_NAME, SOURCE_TABLE_NAME, CHANNEL_ID, RELOAD_CHANNEL_ID, SYNC_ON_UPDATE, SYNC_ON_INSERT, SYNC_ON_DELETE, SYNC_ON_INCOMING_BATCH, NAME_FOR_UPDATE_TRIGGER, NAME_FOR_INSERT_TRIGGER, NAME_FOR_DELETE_TRIGGER, SYNC_ON_UPDATE_CONDITION, SYNC_ON_INSERT_CONDITION, SYNC_ON_DELETE_CONDITION, CUSTOM_BEFORE_UPDATE_TEXT, CUSTOM_BEFORE_INSERT_TEXT, CUSTOM_BEFORE_DELETE_TEXT, CUSTOM_ON_UPDATE_TEXT, CUSTOM_ON_INSERT_TEXT, CUSTOM_ON_DELETE_TEXT, EXTERNAL_SELECT, TX_ID_EXPRESSION, CHANNEL_EXPRESSION, EXCLUDED_COLUMN_NAMES, INCLUDED_COLUMN_NAMES, SYNC_KEY_NAMES, USE_STREAM_LOBS, USE_CAPTURE_LOBS, USE_CAPTURE_OLD_DATA, USE_HANDLE_KEY_UPDATES, STREAM_ROW, CREATE_TIME, LAST_UPDATE_BY, LAST_UPDATE_TIME, DESCRIPTION) values ('sls_tax_retail_line_item',null,null,'SLS_TAX_RETAIL_LINE_ITEM','sls','reload',1,1,1,1,null,null,null,'1=1','1=1','1=1',null,null,null,null,null,null,null,null,null,null,null,null,0,0,1,1,0,{ts '2019-03-05 15:52:53.508'},'admin',{ts '2019-03-05 15:53:05.954'},null);
insert into SYM_TRIGGER (TRIGGER_ID, SOURCE_CATALOG_NAME, SOURCE_SCHEMA_NAME, SOURCE_TABLE_NAME, CHANNEL_ID, RELOAD_CHANNEL_ID, SYNC_ON_UPDATE, SYNC_ON_INSERT, SYNC_ON_DELETE, SYNC_ON_INCOMING_BATCH, NAME_FOR_UPDATE_TRIGGER, NAME_FOR_INSERT_TRIGGER, NAME_FOR_DELETE_TRIGGER, SYNC_ON_UPDATE_CONDITION, SYNC_ON_INSERT_CONDITION, SYNC_ON_DELETE_CONDITION, CUSTOM_BEFORE_UPDATE_TEXT, CUSTOM_BEFORE_INSERT_TEXT, CUSTOM_BEFORE_DELETE_TEXT, CUSTOM_ON_UPDATE_TEXT, CUSTOM_ON_INSERT_TEXT, CUSTOM_ON_DELETE_TEXT, EXTERNAL_SELECT, TX_ID_EXPRESSION, CHANNEL_EXPRESSION, EXCLUDED_COLUMN_NAMES, INCLUDED_COLUMN_NAMES, SYNC_KEY_NAMES, USE_STREAM_LOBS, USE_CAPTURE_LOBS, USE_CAPTURE_OLD_DATA, USE_HANDLE_KEY_UPDATES, STREAM_ROW, CREATE_TIME, LAST_UPDATE_BY, LAST_UPDATE_TIME, DESCRIPTION) values ('sls_tender_line_item',null,null,'SLS_TENDER_LINE_ITEM','sls','reload',1,1,1,1,null,null,null,'1=1','1=1','1=1',null,null,null,null,null,null,null,null,null,null,null,null,0,0,1,1,0,{ts '2019-03-05 15:52:53.513'},'admin',{ts '2019-03-05 15:53:05.958'},null);
insert into SYM_TRIGGER (TRIGGER_ID, SOURCE_CATALOG_NAME, SOURCE_SCHEMA_NAME, SOURCE_TABLE_NAME, CHANNEL_ID, RELOAD_CHANNEL_ID, SYNC_ON_UPDATE, SYNC_ON_INSERT, SYNC_ON_DELETE, SYNC_ON_INCOMING_BATCH, NAME_FOR_UPDATE_TRIGGER, NAME_FOR_INSERT_TRIGGER, NAME_FOR_DELETE_TRIGGER, SYNC_ON_UPDATE_CONDITION, SYNC_ON_INSERT_CONDITION, SYNC_ON_DELETE_CONDITION, CUSTOM_BEFORE_UPDATE_TEXT, CUSTOM_BEFORE_INSERT_TEXT, CUSTOM_BEFORE_DELETE_TEXT, CUSTOM_ON_UPDATE_TEXT, CUSTOM_ON_INSERT_TEXT, CUSTOM_ON_DELETE_TEXT, EXTERNAL_SELECT, TX_ID_EXPRESSION, CHANNEL_EXPRESSION, EXCLUDED_COLUMN_NAMES, INCLUDED_COLUMN_NAMES, SYNC_KEY_NAMES, USE_STREAM_LOBS, USE_CAPTURE_LOBS, USE_CAPTURE_OLD_DATA, USE_HANDLE_KEY_UPDATES, STREAM_ROW, CREATE_TIME, LAST_UPDATE_BY, LAST_UPDATE_TIME, DESCRIPTION) values ('sls_tender_control_trans',null,null,'SLS_TENDER_CONTROL_TRANS','sls','reload',1,1,1,1,null,null,null,'1=1','1=1','1=1',null,null,null,null,null,null,null,null,null,null,null,null,0,0,1,1,0,{ts '2019-03-05 15:52:53.513'},'admin',{ts '2019-03-05 15:53:05.958'},null);
insert into SYM_TRIGGER (TRIGGER_ID, SOURCE_CATALOG_NAME, SOURCE_SCHEMA_NAME, SOURCE_TABLE_NAME, CHANNEL_ID, RELOAD_CHANNEL_ID, SYNC_ON_UPDATE, SYNC_ON_INSERT, SYNC_ON_DELETE, SYNC_ON_INCOMING_BATCH, NAME_FOR_UPDATE_TRIGGER, NAME_FOR_INSERT_TRIGGER, NAME_FOR_DELETE_TRIGGER, SYNC_ON_UPDATE_CONDITION, SYNC_ON_INSERT_CONDITION, SYNC_ON_DELETE_CONDITION, CUSTOM_BEFORE_UPDATE_TEXT, CUSTOM_BEFORE_INSERT_TEXT, CUSTOM_BEFORE_DELETE_TEXT, CUSTOM_ON_UPDATE_TEXT, CUSTOM_ON_INSERT_TEXT, CUSTOM_ON_DELETE_TEXT, EXTERNAL_SELECT, TX_ID_EXPRESSION, CHANNEL_EXPRESSION, EXCLUDED_COLUMN_NAMES, INCLUDED_COLUMN_NAMES, SYNC_KEY_NAMES, USE_STREAM_LOBS, USE_CAPTURE_LOBS, USE_CAPTURE_OLD_DATA, USE_HANDLE_KEY_UPDATES, STREAM_ROW, CREATE_TIME, LAST_UPDATE_BY, LAST_UPDATE_TIME, DESCRIPTION) values ('sls_tender_settlement_trans',null,null,'SLS_TENDER_SETTLEMENT_TRANS','sls','reload',1,1,1,1,null,null,null,'1=1','1=1','1=1',null,null,null,null,null,null,null,null,null,null,null,null,0,0,1,1,0,{ts '2019-03-05 15:52:53.513'},'admin',{ts '2019-03-05 15:53:05.958'},null);
insert into SYM_TRIGGER (TRIGGER_ID, SOURCE_CATALOG_NAME, SOURCE_SCHEMA_NAME, SOURCE_TABLE_NAME, CHANNEL_ID, RELOAD_CHANNEL_ID, SYNC_ON_UPDATE, SYNC_ON_INSERT, SYNC_ON_DELETE, SYNC_ON_INCOMING_BATCH, NAME_FOR_UPDATE_TRIGGER, NAME_FOR_INSERT_TRIGGER, NAME_FOR_DELETE_TRIGGER, SYNC_ON_UPDATE_CONDITION, SYNC_ON_INSERT_CONDITION, SYNC_ON_DELETE_CONDITION, CUSTOM_BEFORE_UPDATE_TEXT, CUSTOM_BEFORE_INSERT_TEXT, CUSTOM_BEFORE_DELETE_TEXT, CUSTOM_ON_UPDATE_TEXT, CUSTOM_ON_INSERT_TEXT, CUSTOM_ON_DELETE_TEXT, EXTERNAL_SELECT, TX_ID_EXPRESSION, CHANNEL_EXPRESSION, EXCLUDED_COLUMN_NAMES, INCLUDED_COLUMN_NAMES, SYNC_KEY_NAMES, USE_STREAM_LOBS, USE_CAPTURE_LOBS, USE_CAPTURE_OLD_DATA, USE_HANDLE_KEY_UPDATES, STREAM_ROW, CREATE_TIME, LAST_UPDATE_BY, LAST_UPDATE_TIME, DESCRIPTION) values ('sls_tender_settlement_line_itm',null,null,'SLS_TENDER_SETTLEMENT_LINE_ITM','sls','reload',1,1,1,1,null,null,null,'1=1','1=1','1=1',null,null,null,null,null,null,null,null,null,null,null,null,0,0,1,1,0,{ts '2019-03-05 15:52:53.513'},'admin',{ts '2019-03-05 15:53:05.958'},null);
insert into SYM_TRIGGER (TRIGGER_ID, SOURCE_CATALOG_NAME, SOURCE_SCHEMA_NAME, SOURCE_TABLE_NAME, CHANNEL_ID, RELOAD_CHANNEL_ID, SYNC_ON_UPDATE, SYNC_ON_INSERT, SYNC_ON_DELETE, SYNC_ON_INCOMING_BATCH, NAME_FOR_UPDATE_TRIGGER, NAME_FOR_INSERT_TRIGGER, NAME_FOR_DELETE_TRIGGER, SYNC_ON_UPDATE_CONDITION, SYNC_ON_INSERT_CONDITION, SYNC_ON_DELETE_CONDITION, CUSTOM_BEFORE_UPDATE_TEXT, CUSTOM_BEFORE_INSERT_TEXT, CUSTOM_BEFORE_DELETE_TEXT, CUSTOM_ON_UPDATE_TEXT, CUSTOM_ON_INSERT_TEXT, CUSTOM_ON_DELETE_TEXT, EXTERNAL_SELECT, TX_ID_EXPRESSION, CHANNEL_EXPRESSION, EXCLUDED_COLUMN_NAMES, INCLUDED_COLUMN_NAMES, SYNC_KEY_NAMES, USE_STREAM_LOBS, USE_CAPTURE_LOBS, USE_CAPTURE_OLD_DATA, USE_HANDLE_KEY_UPDATES, STREAM_ROW, CREATE_TIME, LAST_UPDATE_BY, LAST_UPDATE_TIME, DESCRIPTION) values ('ctx_form',null,null,'CTX_FORM','ctx','reload',1,1,1,1,null,null,null,'1=1','1=1','1=1',null,null,null,null,null,null,null,null,null,null,null,null,0,0,1,1,0,{ts '2019-03-05 15:46:42.190'},'admin',{ts '2019-03-05 15:56:25.800'},null);
insert into SYM_TRIGGER (TRIGGER_ID, SOURCE_CATALOG_NAME, SOURCE_SCHEMA_NAME, SOURCE_TABLE_NAME, CHANNEL_ID, RELOAD_CHANNEL_ID, SYNC_ON_UPDATE, SYNC_ON_INSERT, SYNC_ON_DELETE, SYNC_ON_INCOMING_BATCH, NAME_FOR_UPDATE_TRIGGER, NAME_FOR_INSERT_TRIGGER, NAME_FOR_DELETE_TRIGGER, SYNC_ON_UPDATE_CONDITION, SYNC_ON_INSERT_CONDITION, SYNC_ON_DELETE_CONDITION, CUSTOM_BEFORE_UPDATE_TEXT, CUSTOM_BEFORE_INSERT_TEXT, CUSTOM_BEFORE_DELETE_TEXT, CUSTOM_ON_UPDATE_TEXT, CUSTOM_ON_INSERT_TEXT, CUSTOM_ON_DELETE_TEXT, EXTERNAL_SELECT, TX_ID_EXPRESSION, CHANNEL_EXPRESSION, EXCLUDED_COLUMN_NAMES, INCLUDED_COLUMN_NAMES, SYNC_KEY_NAMES, USE_STREAM_LOBS, USE_CAPTURE_LOBS, USE_CAPTURE_OLD_DATA, USE_HANDLE_KEY_UPDATES, STREAM_ROW, CREATE_TIME, LAST_UPDATE_BY, LAST_UPDATE_TIME, DESCRIPTION) values ('ctx_brand',null,null,'CTX_BRAND','ctx','reload',1,1,1,1,null,null,null,'1=1','1=1','1=1',null,null,null,null,null,null,null,null,null,null,null,null,0,0,1,1,0,{ts '2019-03-05 15:46:42.164'},'admin',{ts '2019-03-05 15:56:25.830'},null);
insert into SYM_TRIGGER (TRIGGER_ID, SOURCE_CATALOG_NAME, SOURCE_SCHEMA_NAME, SOURCE_TABLE_NAME, CHANNEL_ID, RELOAD_CHANNEL_ID, SYNC_ON_UPDATE, SYNC_ON_INSERT, SYNC_ON_DELETE, SYNC_ON_INCOMING_BATCH, NAME_FOR_UPDATE_TRIGGER, NAME_FOR_INSERT_TRIGGER, NAME_FOR_DELETE_TRIGGER, SYNC_ON_UPDATE_CONDITION, SYNC_ON_INSERT_CONDITION, SYNC_ON_DELETE_CONDITION, CUSTOM_BEFORE_UPDATE_TEXT, CUSTOM_BEFORE_INSERT_TEXT, CUSTOM_BEFORE_DELETE_TEXT, CUSTOM_ON_UPDATE_TEXT, CUSTOM_ON_INSERT_TEXT, CUSTOM_ON_DELETE_TEXT, EXTERNAL_SELECT, TX_ID_EXPRESSION, CHANNEL_EXPRESSION, EXCLUDED_COLUMN_NAMES, INCLUDED_COLUMN_NAMES, SYNC_KEY_NAMES, USE_STREAM_LOBS, USE_CAPTURE_LOBS, USE_CAPTURE_OLD_DATA, USE_HANDLE_KEY_UPDATES, STREAM_ROW, CREATE_TIME, LAST_UPDATE_BY, LAST_UPDATE_TIME, DESCRIPTION) values ('ctx_address',null,null,'CTX_ADDRESS','ctx','reload',1,1,1,1,null,null,null,'1=1','1=1','1=1',null,null,null,null,null,null,null,null,null,null,null,null,0,0,1,1,0,{ts '2019-03-05 15:46:42.160'},'admin',{ts '2019-03-05 15:56:25.854'},null);
insert into SYM_TRIGGER (TRIGGER_ID, SOURCE_CATALOG_NAME, SOURCE_SCHEMA_NAME, SOURCE_TABLE_NAME, CHANNEL_ID, RELOAD_CHANNEL_ID, SYNC_ON_UPDATE, SYNC_ON_INSERT, SYNC_ON_DELETE, SYNC_ON_INCOMING_BATCH, NAME_FOR_UPDATE_TRIGGER, NAME_FOR_INSERT_TRIGGER, NAME_FOR_DELETE_TRIGGER, SYNC_ON_UPDATE_CONDITION, SYNC_ON_INSERT_CONDITION, SYNC_ON_DELETE_CONDITION, CUSTOM_BEFORE_UPDATE_TEXT, CUSTOM_BEFORE_INSERT_TEXT, CUSTOM_BEFORE_DELETE_TEXT, CUSTOM_ON_UPDATE_TEXT, CUSTOM_ON_INSERT_TEXT, CUSTOM_ON_DELETE_TEXT, EXTERNAL_SELECT, TX_ID_EXPRESSION, CHANNEL_EXPRESSION, EXCLUDED_COLUMN_NAMES, INCLUDED_COLUMN_NAMES, SYNC_KEY_NAMES, USE_STREAM_LOBS, USE_CAPTURE_LOBS, USE_CAPTURE_OLD_DATA, USE_HANDLE_KEY_UPDATES, STREAM_ROW, CREATE_TIME, LAST_UPDATE_BY, LAST_UPDATE_TIME, DESCRIPTION) values ('ctx_state',null,null,'CTX_STATE','ctx','reload',1,1,1,1,null,null,null,'1=1','1=1','1=1',null,null,null,null,null,null,null,null,null,null,null,null,0,0,1,1,0,{ts '2019-03-05 15:46:42.203'},'admin',{ts '2019-03-05 15:56:25.879'},null);
insert into SYM_TRIGGER (TRIGGER_ID, SOURCE_CATALOG_NAME, SOURCE_SCHEMA_NAME, SOURCE_TABLE_NAME, CHANNEL_ID, RELOAD_CHANNEL_ID, SYNC_ON_UPDATE, SYNC_ON_INSERT, SYNC_ON_DELETE, SYNC_ON_INCOMING_BATCH, NAME_FOR_UPDATE_TRIGGER, NAME_FOR_INSERT_TRIGGER, NAME_FOR_DELETE_TRIGGER, SYNC_ON_UPDATE_CONDITION, SYNC_ON_INSERT_CONDITION, SYNC_ON_DELETE_CONDITION, CUSTOM_BEFORE_UPDATE_TEXT, CUSTOM_BEFORE_INSERT_TEXT, CUSTOM_BEFORE_DELETE_TEXT, CUSTOM_ON_UPDATE_TEXT, CUSTOM_ON_INSERT_TEXT, CUSTOM_ON_DELETE_TEXT, EXTERNAL_SELECT, TX_ID_EXPRESSION, CHANNEL_EXPRESSION, EXCLUDED_COLUMN_NAMES, INCLUDED_COLUMN_NAMES, SYNC_KEY_NAMES, USE_STREAM_LOBS, USE_CAPTURE_LOBS, USE_CAPTURE_OLD_DATA, USE_HANDLE_KEY_UPDATES, STREAM_ROW, CREATE_TIME, LAST_UPDATE_BY, LAST_UPDATE_TIME, DESCRIPTION) values ('sls_tender',null,null,'SLS_TENDER','ctx','reload',1,1,1,1,null,null,null,'1=1','1=1','1=1',null,null,null,null,null,null,null,null,null,null,null,null,0,0,1,1,0,{ts '2019-03-05 15:56:07.262'},'admin',{ts '2019-03-05 15:56:25.900'},null);
insert into SYM_TRIGGER (TRIGGER_ID, SOURCE_CATALOG_NAME, SOURCE_SCHEMA_NAME, SOURCE_TABLE_NAME, CHANNEL_ID, RELOAD_CHANNEL_ID, SYNC_ON_UPDATE, SYNC_ON_INSERT, SYNC_ON_DELETE, SYNC_ON_INCOMING_BATCH, NAME_FOR_UPDATE_TRIGGER, NAME_FOR_INSERT_TRIGGER, NAME_FOR_DELETE_TRIGGER, SYNC_ON_UPDATE_CONDITION, SYNC_ON_INSERT_CONDITION, SYNC_ON_DELETE_CONDITION, CUSTOM_BEFORE_UPDATE_TEXT, CUSTOM_BEFORE_INSERT_TEXT, CUSTOM_BEFORE_DELETE_TEXT, CUSTOM_ON_UPDATE_TEXT, CUSTOM_ON_INSERT_TEXT, CUSTOM_ON_DELETE_TEXT, EXTERNAL_SELECT, TX_ID_EXPRESSION, CHANNEL_EXPRESSION, EXCLUDED_COLUMN_NAMES, INCLUDED_COLUMN_NAMES, SYNC_KEY_NAMES, USE_STREAM_LOBS, USE_CAPTURE_LOBS, USE_CAPTURE_OLD_DATA, USE_HANDLE_KEY_UPDATES, STREAM_ROW, CREATE_TIME, LAST_UPDATE_BY, LAST_UPDATE_TIME, DESCRIPTION) values ('sls_rtn_policy',null,null,'SLS_RTN_POLICY','ctx','reload',1,1,1,1,null,null,null,'1=1','1=1','1=1',null,null,null,null,null,null,null,null,null,null,null,null,0,0,1,1,0,{ts '2019-03-05 15:56:07.253'},'admin',{ts '2019-03-05 15:56:25.932'},null);
insert into SYM_TRIGGER (TRIGGER_ID, SOURCE_CATALOG_NAME, SOURCE_SCHEMA_NAME, SOURCE_TABLE_NAME, CHANNEL_ID, RELOAD_CHANNEL_ID, SYNC_ON_UPDATE, SYNC_ON_INSERT, SYNC_ON_DELETE, SYNC_ON_INCOMING_BATCH, NAME_FOR_UPDATE_TRIGGER, NAME_FOR_INSERT_TRIGGER, NAME_FOR_DELETE_TRIGGER, SYNC_ON_UPDATE_CONDITION, SYNC_ON_INSERT_CONDITION, SYNC_ON_DELETE_CONDITION, CUSTOM_BEFORE_UPDATE_TEXT, CUSTOM_BEFORE_INSERT_TEXT, CUSTOM_BEFORE_DELETE_TEXT, CUSTOM_ON_UPDATE_TEXT, CUSTOM_ON_INSERT_TEXT, CUSTOM_ON_DELETE_TEXT, EXTERNAL_SELECT, TX_ID_EXPRESSION, CHANNEL_EXPRESSION, EXCLUDED_COLUMN_NAMES, INCLUDED_COLUMN_NAMES, SYNC_KEY_NAMES, USE_STREAM_LOBS, USE_CAPTURE_LOBS, USE_CAPTURE_OLD_DATA, USE_HANDLE_KEY_UPDATES, STREAM_ROW, CREATE_TIME, LAST_UPDATE_BY, LAST_UPDATE_TIME, DESCRIPTION) values ('ctx_form_field',null,null,'CTX_FORM_FIELD','ctx','reload',1,1,1,1,null,null,null,'1=1','1=1','1=1',null,null,null,null,null,null,null,null,null,null,null,null,0,0,1,1,0,{ts '2019-03-05 15:46:42.194'},'admin',{ts '2019-03-05 15:56:25.973'},null);
insert into SYM_TRIGGER (TRIGGER_ID, SOURCE_CATALOG_NAME, SOURCE_SCHEMA_NAME, SOURCE_TABLE_NAME, CHANNEL_ID, RELOAD_CHANNEL_ID, SYNC_ON_UPDATE, SYNC_ON_INSERT, SYNC_ON_DELETE, SYNC_ON_INCOMING_BATCH, NAME_FOR_UPDATE_TRIGGER, NAME_FOR_INSERT_TRIGGER, NAME_FOR_DELETE_TRIGGER, SYNC_ON_UPDATE_CONDITION, SYNC_ON_INSERT_CONDITION, SYNC_ON_DELETE_CONDITION, CUSTOM_BEFORE_UPDATE_TEXT, CUSTOM_BEFORE_INSERT_TEXT, CUSTOM_BEFORE_DELETE_TEXT, CUSTOM_ON_UPDATE_TEXT, CUSTOM_ON_INSERT_TEXT, CUSTOM_ON_DELETE_TEXT, EXTERNAL_SELECT, TX_ID_EXPRESSION, CHANNEL_EXPRESSION, EXCLUDED_COLUMN_NAMES, INCLUDED_COLUMN_NAMES, SYNC_KEY_NAMES, USE_STREAM_LOBS, USE_CAPTURE_LOBS, USE_CAPTURE_OLD_DATA, USE_HANDLE_KEY_UPDATES, STREAM_ROW, CREATE_TIME, LAST_UPDATE_BY, LAST_UPDATE_TIME, DESCRIPTION) values ('ctx_config',null,null,'CTX_CONFIG','ctx','reload',1,1,1,1,null,null,null,'1=1','1=1','1=1',null,null,null,null,null,null,null,null,null,null,null,null,0,0,1,1,0,{ts '2019-03-05 15:46:42.178'},'admin',{ts '2019-03-05 15:56:26.006'},null);
insert into SYM_TRIGGER (TRIGGER_ID, SOURCE_CATALOG_NAME, SOURCE_SCHEMA_NAME, SOURCE_TABLE_NAME, CHANNEL_ID, RELOAD_CHANNEL_ID, SYNC_ON_UPDATE, SYNC_ON_INSERT, SYNC_ON_DELETE, SYNC_ON_INCOMING_BATCH, NAME_FOR_UPDATE_TRIGGER, NAME_FOR_INSERT_TRIGGER, NAME_FOR_DELETE_TRIGGER, SYNC_ON_UPDATE_CONDITION, SYNC_ON_INSERT_CONDITION, SYNC_ON_DELETE_CONDITION, CUSTOM_BEFORE_UPDATE_TEXT, CUSTOM_BEFORE_INSERT_TEXT, CUSTOM_BEFORE_DELETE_TEXT, CUSTOM_ON_UPDATE_TEXT, CUSTOM_ON_INSERT_TEXT, CUSTOM_ON_DELETE_TEXT, EXTERNAL_SELECT, TX_ID_EXPRESSION, CHANNEL_EXPRESSION, EXCLUDED_COLUMN_NAMES, INCLUDED_COLUMN_NAMES, SYNC_KEY_NAMES, USE_STREAM_LOBS, USE_CAPTURE_LOBS, USE_CAPTURE_OLD_DATA, USE_HANDLE_KEY_UPDATES, STREAM_ROW, CREATE_TIME, LAST_UPDATE_BY, LAST_UPDATE_TIME, DESCRIPTION) values ('ctx_code',null,null,'CTX_CODE','ctx','reload',1,1,1,1,null,null,null,'1=1','1=1','1=1',null,null,null,null,null,null,null,null,null,null,null,null,0,0,1,1,0,{ts '2021-05-13 08:45:00.000'},'admin',{ts '2021-05-13 08:45:00.000'},null);
insert into SYM_TRIGGER (TRIGGER_ID, SOURCE_CATALOG_NAME, SOURCE_SCHEMA_NAME, SOURCE_TABLE_NAME, CHANNEL_ID, RELOAD_CHANNEL_ID, SYNC_ON_UPDATE, SYNC_ON_INSERT, SYNC_ON_DELETE, SYNC_ON_INCOMING_BATCH, NAME_FOR_UPDATE_TRIGGER, NAME_FOR_INSERT_TRIGGER, NAME_FOR_DELETE_TRIGGER, SYNC_ON_UPDATE_CONDITION, SYNC_ON_INSERT_CONDITION, SYNC_ON_DELETE_CONDITION, CUSTOM_BEFORE_UPDATE_TEXT, CUSTOM_BEFORE_INSERT_TEXT, CUSTOM_BEFORE_DELETE_TEXT, CUSTOM_ON_UPDATE_TEXT, CUSTOM_ON_INSERT_TEXT, CUSTOM_ON_DELETE_TEXT, EXTERNAL_SELECT, TX_ID_EXPRESSION, CHANNEL_EXPRESSION, EXCLUDED_COLUMN_NAMES, INCLUDED_COLUMN_NAMES, SYNC_KEY_NAMES, USE_STREAM_LOBS, USE_CAPTURE_LOBS, USE_CAPTURE_OLD_DATA, USE_HANDLE_KEY_UPDATES, STREAM_ROW, CREATE_TIME, LAST_UPDATE_BY, LAST_UPDATE_TIME, DESCRIPTION) values ('ctx_reason_code',null,null,'CTX_REASON_CODE','ctx','reload',1,1,1,1,null,null,null,'1=1','1=1','1=1',null,null,null,null,null,null,null,null,null,null,null,null,0,0,1,1,0,{ts '2019-03-05 15:46:42.199'},'admin',{ts '2019-03-05 15:56:26.037'},null);
insert into SYM_TRIGGER (TRIGGER_ID, SOURCE_CATALOG_NAME, SOURCE_SCHEMA_NAME, SOURCE_TABLE_NAME, CHANNEL_ID, RELOAD_CHANNEL_ID, SYNC_ON_UPDATE, SYNC_ON_INSERT, SYNC_ON_DELETE, SYNC_ON_INCOMING_BATCH, NAME_FOR_UPDATE_TRIGGER, NAME_FOR_INSERT_TRIGGER, NAME_FOR_DELETE_TRIGGER, SYNC_ON_UPDATE_CONDITION, SYNC_ON_INSERT_CONDITION, SYNC_ON_DELETE_CONDITION, CUSTOM_BEFORE_UPDATE_TEXT, CUSTOM_BEFORE_INSERT_TEXT, CUSTOM_BEFORE_DELETE_TEXT, CUSTOM_ON_UPDATE_TEXT, CUSTOM_ON_INSERT_TEXT, CUSTOM_ON_DELETE_TEXT, EXTERNAL_SELECT, TX_ID_EXPRESSION, CHANNEL_EXPRESSION, EXCLUDED_COLUMN_NAMES, INCLUDED_COLUMN_NAMES, SYNC_KEY_NAMES, USE_STREAM_LOBS, USE_CAPTURE_LOBS, USE_CAPTURE_OLD_DATA, USE_HANDLE_KEY_UPDATES, STREAM_ROW, CREATE_TIME, LAST_UPDATE_BY, LAST_UPDATE_TIME, DESCRIPTION) values ('ctx_country',null,null,'CTX_COUNTRY','ctx','reload',1,1,1,1,null,null,null,'1=1','1=1','1=1',null,null,null,null,null,null,null,null,null,null,null,null,0,0,1,1,0,{ts '2019-03-05 15:46:42.184'},'admin',{ts '2019-03-05 15:56:26.065'},null);
insert into SYM_TRIGGER (TRIGGER_ID, SOURCE_CATALOG_NAME, SOURCE_SCHEMA_NAME, SOURCE_TABLE_NAME, CHANNEL_ID, RELOAD_CHANNEL_ID, SYNC_ON_UPDATE, SYNC_ON_INSERT, SYNC_ON_DELETE, SYNC_ON_INCOMING_BATCH, NAME_FOR_UPDATE_TRIGGER, NAME_FOR_INSERT_TRIGGER, NAME_FOR_DELETE_TRIGGER, SYNC_ON_UPDATE_CONDITION, SYNC_ON_INSERT_CONDITION, SYNC_ON_DELETE_CONDITION, CUSTOM_BEFORE_UPDATE_TEXT, CUSTOM_BEFORE_INSERT_TEXT, CUSTOM_BEFORE_DELETE_TEXT, CUSTOM_ON_UPDATE_TEXT, CUSTOM_ON_INSERT_TEXT, CUSTOM_ON_DELETE_TEXT, EXTERNAL_SELECT, TX_ID_EXPRESSION, CHANNEL_EXPRESSION, EXCLUDED_COLUMN_NAMES, INCLUDED_COLUMN_NAMES, SYNC_KEY_NAMES, USE_STREAM_LOBS, USE_CAPTURE_LOBS, USE_CAPTURE_OLD_DATA, USE_HANDLE_KEY_UPDATES, STREAM_ROW, CREATE_TIME, LAST_UPDATE_BY, LAST_UPDATE_TIME, DESCRIPTION) values ('ctx_business_unit',null,null,'CTX_BUSINESS_UNIT','ctx','reload',1,1,1,1,null,null,null,'1=1','1=1','1=1',null,null,null,null,null,null,null,null,null,null,null,null,0,0,1,1,0,{ts '2019-03-05 15:46:42.168'},'admin',{ts '2019-03-05 15:56:26.086'},null);
insert into SYM_TRIGGER (TRIGGER_ID, SOURCE_CATALOG_NAME, SOURCE_SCHEMA_NAME, SOURCE_TABLE_NAME, CHANNEL_ID, RELOAD_CHANNEL_ID, SYNC_ON_UPDATE, SYNC_ON_INSERT, SYNC_ON_DELETE, SYNC_ON_INCOMING_BATCH, NAME_FOR_UPDATE_TRIGGER, NAME_FOR_INSERT_TRIGGER, NAME_FOR_DELETE_TRIGGER, SYNC_ON_UPDATE_CONDITION, SYNC_ON_INSERT_CONDITION, SYNC_ON_DELETE_CONDITION, CUSTOM_BEFORE_UPDATE_TEXT, CUSTOM_BEFORE_INSERT_TEXT, CUSTOM_BEFORE_DELETE_TEXT, CUSTOM_ON_UPDATE_TEXT, CUSTOM_ON_INSERT_TEXT, CUSTOM_ON_DELETE_TEXT, EXTERNAL_SELECT, TX_ID_EXPRESSION, CHANNEL_EXPRESSION, EXCLUDED_COLUMN_NAMES, INCLUDED_COLUMN_NAMES, SYNC_KEY_NAMES, USE_STREAM_LOBS, USE_CAPTURE_LOBS, USE_CAPTURE_OLD_DATA, USE_HANDLE_KEY_UPDATES, STREAM_ROW, CREATE_TIME, LAST_UPDATE_BY, LAST_UPDATE_TIME, DESCRIPTION) values ('sls_rtn_policy_match',null,null,'SLS_RTN_POLICY_MATCH','ctx','reload',1,1,1,1,null,null,null,'1=1','1=1','1=1',null,null,null,null,null,null,null,null,null,null,null,null,0,0,1,1,0,{ts '2019-03-05 15:56:07.257'},'admin',{ts '2019-03-05 15:56:26.111'},null);
insert into SYM_TRIGGER (TRIGGER_ID, SOURCE_CATALOG_NAME, SOURCE_SCHEMA_NAME, SOURCE_TABLE_NAME, CHANNEL_ID, RELOAD_CHANNEL_ID, SYNC_ON_UPDATE, SYNC_ON_INSERT, SYNC_ON_DELETE, SYNC_ON_INCOMING_BATCH, NAME_FOR_UPDATE_TRIGGER, NAME_FOR_INSERT_TRIGGER, NAME_FOR_DELETE_TRIGGER, SYNC_ON_UPDATE_CONDITION, SYNC_ON_INSERT_CONDITION, SYNC_ON_DELETE_CONDITION, CUSTOM_BEFORE_UPDATE_TEXT, CUSTOM_BEFORE_INSERT_TEXT, CUSTOM_BEFORE_DELETE_TEXT, CUSTOM_ON_UPDATE_TEXT, CUSTOM_ON_INSERT_TEXT, CUSTOM_ON_DELETE_TEXT, EXTERNAL_SELECT, TX_ID_EXPRESSION, CHANNEL_EXPRESSION, EXCLUDED_COLUMN_NAMES, INCLUDED_COLUMN_NAMES, SYNC_KEY_NAMES, USE_STREAM_LOBS, USE_CAPTURE_LOBS, USE_CAPTURE_OLD_DATA, USE_HANDLE_KEY_UPDATES, STREAM_ROW, CREATE_TIME, LAST_UPDATE_BY, LAST_UPDATE_TIME, DESCRIPTION) values ('ctx_button',null,null,'CTX_BUTTON','ctx','reload',1,1,1,1,null,null,null,'1=1','1=1','1=1',null,null,null,null,null,null,null,null,null,null,null,null,0,0,1,1,0,{ts '2019-03-05 15:46:42.172'},'admin',{ts '2019-03-05 15:56:26.142'},null);
insert into SYM_TRIGGER (TRIGGER_ID, SOURCE_CATALOG_NAME, SOURCE_SCHEMA_NAME, SOURCE_TABLE_NAME, CHANNEL_ID, RELOAD_CHANNEL_ID, SYNC_ON_UPDATE, SYNC_ON_INSERT, SYNC_ON_DELETE, SYNC_ON_INCOMING_BATCH, NAME_FOR_UPDATE_TRIGGER, NAME_FOR_INSERT_TRIGGER, NAME_FOR_DELETE_TRIGGER, SYNC_ON_UPDATE_CONDITION, SYNC_ON_INSERT_CONDITION, SYNC_ON_DELETE_CONDITION, CUSTOM_BEFORE_UPDATE_TEXT, CUSTOM_BEFORE_INSERT_TEXT, CUSTOM_BEFORE_DELETE_TEXT, CUSTOM_ON_UPDATE_TEXT, CUSTOM_ON_INSERT_TEXT, CUSTOM_ON_DELETE_TEXT, EXTERNAL_SELECT, TX_ID_EXPRESSION, CHANNEL_EXPRESSION, EXCLUDED_COLUMN_NAMES, INCLUDED_COLUMN_NAMES, SYNC_KEY_NAMES, USE_STREAM_LOBS, USE_CAPTURE_LOBS, USE_CAPTURE_OLD_DATA, USE_HANDLE_KEY_UPDATES, STREAM_ROW, CREATE_TIME, LAST_UPDATE_BY, LAST_UPDATE_TIME, DESCRIPTION) values ('ctx_device',null,null,'DEV_DEVICE','device','reload',1,1,1,1,null,null,null,'1=1','1=1','1=1',null,null,null,null,null,null,null,null,null,null,null,null,0,0,1,1,0,{ts '2019-03-05 15:57:24.170'},'admin',{ts '2019-03-05 15:57:34.145'},null);
insert into SYM_TRIGGER (TRIGGER_ID, SOURCE_CATALOG_NAME, SOURCE_SCHEMA_NAME, SOURCE_TABLE_NAME, CHANNEL_ID, RELOAD_CHANNEL_ID, SYNC_ON_UPDATE, SYNC_ON_INSERT, SYNC_ON_DELETE, SYNC_ON_INCOMING_BATCH, NAME_FOR_UPDATE_TRIGGER, NAME_FOR_INSERT_TRIGGER, NAME_FOR_DELETE_TRIGGER, SYNC_ON_UPDATE_CONDITION, SYNC_ON_INSERT_CONDITION, SYNC_ON_DELETE_CONDITION, CUSTOM_BEFORE_UPDATE_TEXT, CUSTOM_BEFORE_INSERT_TEXT, CUSTOM_BEFORE_DELETE_TEXT, CUSTOM_ON_UPDATE_TEXT, CUSTOM_ON_INSERT_TEXT, CUSTOM_ON_DELETE_TEXT, EXTERNAL_SELECT, TX_ID_EXPRESSION, CHANNEL_EXPRESSION, EXCLUDED_COLUMN_NAMES, INCLUDED_COLUMN_NAMES, SYNC_KEY_NAMES, USE_STREAM_LOBS, USE_CAPTURE_LOBS, USE_CAPTURE_OLD_DATA, USE_HANDLE_KEY_UPDATES, STREAM_ROW, CREATE_TIME, LAST_UPDATE_BY, LAST_UPDATE_TIME, DESCRIPTION) values ('tax_authority',null,null,'TAX_AUTHORITY','tax','reload',1,1,1,1,null,null,null,'1=1','1=1','1=1',null,null,null,null,null,null,null,null,null,null,null,null,0,0,1,1,0,{ts '2019-03-05 16:02:51.312'},'admin',{ts '2019-03-05 16:03:06.687'},null);
insert into SYM_TRIGGER (TRIGGER_ID, SOURCE_CATALOG_NAME, SOURCE_SCHEMA_NAME, SOURCE_TABLE_NAME, CHANNEL_ID, RELOAD_CHANNEL_ID, SYNC_ON_UPDATE, SYNC_ON_INSERT, SYNC_ON_DELETE, SYNC_ON_INCOMING_BATCH, NAME_FOR_UPDATE_TRIGGER, NAME_FOR_INSERT_TRIGGER, NAME_FOR_DELETE_TRIGGER, SYNC_ON_UPDATE_CONDITION, SYNC_ON_INSERT_CONDITION, SYNC_ON_DELETE_CONDITION, CUSTOM_BEFORE_UPDATE_TEXT, CUSTOM_BEFORE_INSERT_TEXT, CUSTOM_BEFORE_DELETE_TEXT, CUSTOM_ON_UPDATE_TEXT, CUSTOM_ON_INSERT_TEXT, CUSTOM_ON_DELETE_TEXT, EXTERNAL_SELECT, TX_ID_EXPRESSION, CHANNEL_EXPRESSION, EXCLUDED_COLUMN_NAMES, INCLUDED_COLUMN_NAMES, SYNC_KEY_NAMES, USE_STREAM_LOBS, USE_CAPTURE_LOBS, USE_CAPTURE_OLD_DATA, USE_HANDLE_KEY_UPDATES, STREAM_ROW, CREATE_TIME, LAST_UPDATE_BY, LAST_UPDATE_TIME, DESCRIPTION) values ('tax_jurisdiction',null,null,'TAX_JURISDICTION','tax','reload',1,1,1,1,null,null,null,'1=1','1=1','1=1',null,null,null,null,null,null,null,null,null,null,null,null,0,0,1,1,0,{ts '2019-03-05 16:02:51.325'},'admin',{ts '2019-03-05 16:03:06.716'},null);
insert into SYM_TRIGGER (TRIGGER_ID, SOURCE_CATALOG_NAME, SOURCE_SCHEMA_NAME, SOURCE_TABLE_NAME, CHANNEL_ID, RELOAD_CHANNEL_ID, SYNC_ON_UPDATE, SYNC_ON_INSERT, SYNC_ON_DELETE, SYNC_ON_INCOMING_BATCH, NAME_FOR_UPDATE_TRIGGER, NAME_FOR_INSERT_TRIGGER, NAME_FOR_DELETE_TRIGGER, SYNC_ON_UPDATE_CONDITION, SYNC_ON_INSERT_CONDITION, SYNC_ON_DELETE_CONDITION, CUSTOM_BEFORE_UPDATE_TEXT, CUSTOM_BEFORE_INSERT_TEXT, CUSTOM_BEFORE_DELETE_TEXT, CUSTOM_ON_UPDATE_TEXT, CUSTOM_ON_INSERT_TEXT, CUSTOM_ON_DELETE_TEXT, EXTERNAL_SELECT, TX_ID_EXPRESSION, CHANNEL_EXPRESSION, EXCLUDED_COLUMN_NAMES, INCLUDED_COLUMN_NAMES, SYNC_KEY_NAMES, USE_STREAM_LOBS, USE_CAPTURE_LOBS, USE_CAPTURE_OLD_DATA, USE_HANDLE_KEY_UPDATES, STREAM_ROW, CREATE_TIME, LAST_UPDATE_BY, LAST_UPDATE_TIME, DESCRIPTION) values ('tax_group',null,null,'TAX_GROUP','tax','reload',1,1,1,1,null,null,null,'1=1','1=1','1=1',null,null,null,null,null,null,null,null,null,null,null,null,0,0,1,1,0,{ts '2019-03-05 16:02:51.316'},'admin',{ts '2019-03-05 16:03:06.737'},null);
insert into SYM_TRIGGER (TRIGGER_ID, SOURCE_CATALOG_NAME, SOURCE_SCHEMA_NAME, SOURCE_TABLE_NAME, CHANNEL_ID, RELOAD_CHANNEL_ID, SYNC_ON_UPDATE, SYNC_ON_INSERT, SYNC_ON_DELETE, SYNC_ON_INCOMING_BATCH, NAME_FOR_UPDATE_TRIGGER, NAME_FOR_INSERT_TRIGGER, NAME_FOR_DELETE_TRIGGER, SYNC_ON_UPDATE_CONDITION, SYNC_ON_INSERT_CONDITION, SYNC_ON_DELETE_CONDITION, CUSTOM_BEFORE_UPDATE_TEXT, CUSTOM_BEFORE_INSERT_TEXT, CUSTOM_BEFORE_DELETE_TEXT, CUSTOM_ON_UPDATE_TEXT, CUSTOM_ON_INSERT_TEXT, CUSTOM_ON_DELETE_TEXT, EXTERNAL_SELECT, TX_ID_EXPRESSION, CHANNEL_EXPRESSION, EXCLUDED_COLUMN_NAMES, INCLUDED_COLUMN_NAMES, SYNC_KEY_NAMES, USE_STREAM_LOBS, USE_CAPTURE_LOBS, USE_CAPTURE_OLD_DATA, USE_HANDLE_KEY_UPDATES, STREAM_ROW, CREATE_TIME, LAST_UPDATE_BY, LAST_UPDATE_TIME, DESCRIPTION) values ('tax_group_rule',null,null,'TAX_GROUP_RULE','tax','reload',1,1,1,1,null,null,null,'1=1','1=1','1=1',null,null,null,null,null,null,null,null,null,null,null,null,0,0,1,1,0,{ts '2019-03-05 16:02:51.320'},'admin',{ts '2019-03-05 16:03:06.758'},null);
insert into SYM_TRIGGER (TRIGGER_ID, SOURCE_CATALOG_NAME, SOURCE_SCHEMA_NAME, SOURCE_TABLE_NAME, CHANNEL_ID, RELOAD_CHANNEL_ID, SYNC_ON_UPDATE, SYNC_ON_INSERT, SYNC_ON_DELETE, SYNC_ON_INCOMING_BATCH, NAME_FOR_UPDATE_TRIGGER, NAME_FOR_INSERT_TRIGGER, NAME_FOR_DELETE_TRIGGER, SYNC_ON_UPDATE_CONDITION, SYNC_ON_INSERT_CONDITION, SYNC_ON_DELETE_CONDITION, CUSTOM_BEFORE_UPDATE_TEXT, CUSTOM_BEFORE_INSERT_TEXT, CUSTOM_BEFORE_DELETE_TEXT, CUSTOM_ON_UPDATE_TEXT, CUSTOM_ON_INSERT_TEXT, CUSTOM_ON_DELETE_TEXT, EXTERNAL_SELECT, TX_ID_EXPRESSION, CHANNEL_EXPRESSION, EXCLUDED_COLUMN_NAMES, INCLUDED_COLUMN_NAMES, SYNC_KEY_NAMES, USE_STREAM_LOBS, USE_CAPTURE_LOBS, USE_CAPTURE_OLD_DATA, USE_HANDLE_KEY_UPDATES, STREAM_ROW, CREATE_TIME, LAST_UPDATE_BY, LAST_UPDATE_TIME, DESCRIPTION) values ('tax_rate_rule',null,null,'TAX_RATE_RULE','tax','reload',1,1,1,1,null,null,null,'1=1','1=1','1=1',null,null,null,null,null,null,null,null,null,null,null,null,0,0,1,1,0,{ts '2019-03-05 16:02:51.330'},'admin',{ts '2019-03-05 16:03:06.784'},null);
insert into SYM_TRIGGER (TRIGGER_ID, SOURCE_CATALOG_NAME, SOURCE_SCHEMA_NAME, SOURCE_TABLE_NAME, CHANNEL_ID, RELOAD_CHANNEL_ID, SYNC_ON_UPDATE, SYNC_ON_INSERT, SYNC_ON_DELETE, SYNC_ON_INCOMING_BATCH, NAME_FOR_UPDATE_TRIGGER, NAME_FOR_INSERT_TRIGGER, NAME_FOR_DELETE_TRIGGER, SYNC_ON_UPDATE_CONDITION, SYNC_ON_INSERT_CONDITION, SYNC_ON_DELETE_CONDITION, CUSTOM_BEFORE_UPDATE_TEXT, CUSTOM_BEFORE_INSERT_TEXT, CUSTOM_BEFORE_DELETE_TEXT, CUSTOM_ON_UPDATE_TEXT, CUSTOM_ON_INSERT_TEXT, CUSTOM_ON_DELETE_TEXT, EXTERNAL_SELECT, TX_ID_EXPRESSION, CHANNEL_EXPRESSION, EXCLUDED_COLUMN_NAMES, INCLUDED_COLUMN_NAMES, SYNC_KEY_NAMES, USE_STREAM_LOBS, USE_CAPTURE_LOBS, USE_CAPTURE_OLD_DATA, USE_HANDLE_KEY_UPDATES, STREAM_ROW, CREATE_TIME, LAST_UPDATE_BY, LAST_UPDATE_TIME, DESCRIPTION) values ('usr_operator_security_question',null,null,'USR_OPERATOR_SECURITY_QUESTION','usr','reload',1,1,1,1,null,null,null,'1=1','1=1','1=1',null,null,null,null,null,null,null,null,null,null,null,null,0,0,1,1,0,{ts '2019-03-05 16:04:52.284'},'admin',{ts '2019-03-05 16:06:04.427'},null);
insert into SYM_TRIGGER (TRIGGER_ID, SOURCE_CATALOG_NAME, SOURCE_SCHEMA_NAME, SOURCE_TABLE_NAME, CHANNEL_ID, RELOAD_CHANNEL_ID, SYNC_ON_UPDATE, SYNC_ON_INSERT, SYNC_ON_DELETE, SYNC_ON_INCOMING_BATCH, NAME_FOR_UPDATE_TRIGGER, NAME_FOR_INSERT_TRIGGER, NAME_FOR_DELETE_TRIGGER, SYNC_ON_UPDATE_CONDITION, SYNC_ON_INSERT_CONDITION, SYNC_ON_DELETE_CONDITION, CUSTOM_BEFORE_UPDATE_TEXT, CUSTOM_BEFORE_INSERT_TEXT, CUSTOM_BEFORE_DELETE_TEXT, CUSTOM_ON_UPDATE_TEXT, CUSTOM_ON_INSERT_TEXT, CUSTOM_ON_DELETE_TEXT, EXTERNAL_SELECT, TX_ID_EXPRESSION, CHANNEL_EXPRESSION, EXCLUDED_COLUMN_NAMES, INCLUDED_COLUMN_NAMES, SYNC_KEY_NAMES, USE_STREAM_LOBS, USE_CAPTURE_LOBS, USE_CAPTURE_OLD_DATA, USE_HANDLE_KEY_UPDATES, STREAM_ROW, CREATE_TIME, LAST_UPDATE_BY, LAST_UPDATE_TIME, DESCRIPTION) values ('usr_security_question',null,null,'USR_SECURITY_QUESTION','usr','reload',1,1,1,1,null,null,null,'1=1','1=1','1=1',null,null,null,null,null,null,null,null,null,null,null,null,0,0,1,1,0,{ts '2019-03-05 16:04:52.297'},'admin',{ts '2019-03-05 16:06:04.457'},null);
insert into SYM_TRIGGER (TRIGGER_ID, SOURCE_CATALOG_NAME, SOURCE_SCHEMA_NAME, SOURCE_TABLE_NAME, CHANNEL_ID, RELOAD_CHANNEL_ID, SYNC_ON_UPDATE, SYNC_ON_INSERT, SYNC_ON_DELETE, SYNC_ON_INCOMING_BATCH, NAME_FOR_UPDATE_TRIGGER, NAME_FOR_INSERT_TRIGGER, NAME_FOR_DELETE_TRIGGER, SYNC_ON_UPDATE_CONDITION, SYNC_ON_INSERT_CONDITION, SYNC_ON_DELETE_CONDITION, CUSTOM_BEFORE_UPDATE_TEXT, CUSTOM_BEFORE_INSERT_TEXT, CUSTOM_BEFORE_DELETE_TEXT, CUSTOM_ON_UPDATE_TEXT, CUSTOM_ON_INSERT_TEXT, CUSTOM_ON_DELETE_TEXT, EXTERNAL_SELECT, TX_ID_EXPRESSION, CHANNEL_EXPRESSION, EXCLUDED_COLUMN_NAMES, INCLUDED_COLUMN_NAMES, SYNC_KEY_NAMES, USE_STREAM_LOBS, USE_CAPTURE_LOBS, USE_CAPTURE_OLD_DATA, USE_HANDLE_KEY_UPDATES, STREAM_ROW, CREATE_TIME, LAST_UPDATE_BY, LAST_UPDATE_TIME, DESCRIPTION) values ('usr_permission',null,null,'USR_PERMISSION','usr','reload',1,1,1,1,null,null,null,'1=1','1=1','1=1',null,null,null,null,null,null,null,null,null,null,null,null,0,0,1,1,0,{ts '2019-03-05 16:04:52.293'},'admin',{ts '2019-03-05 16:06:04.479'},null);
insert into SYM_TRIGGER (TRIGGER_ID, SOURCE_CATALOG_NAME, SOURCE_SCHEMA_NAME, SOURCE_TABLE_NAME, CHANNEL_ID, RELOAD_CHANNEL_ID, SYNC_ON_UPDATE, SYNC_ON_INSERT, SYNC_ON_DELETE, SYNC_ON_INCOMING_BATCH, NAME_FOR_UPDATE_TRIGGER, NAME_FOR_INSERT_TRIGGER, NAME_FOR_DELETE_TRIGGER, SYNC_ON_UPDATE_CONDITION, SYNC_ON_INSERT_CONDITION, SYNC_ON_DELETE_CONDITION, CUSTOM_BEFORE_UPDATE_TEXT, CUSTOM_BEFORE_INSERT_TEXT, CUSTOM_BEFORE_DELETE_TEXT, CUSTOM_ON_UPDATE_TEXT, CUSTOM_ON_INSERT_TEXT, CUSTOM_ON_DELETE_TEXT, EXTERNAL_SELECT, TX_ID_EXPRESSION, CHANNEL_EXPRESSION, EXCLUDED_COLUMN_NAMES, INCLUDED_COLUMN_NAMES, SYNC_KEY_NAMES, USE_STREAM_LOBS, USE_CAPTURE_LOBS, USE_CAPTURE_OLD_DATA, USE_HANDLE_KEY_UPDATES, STREAM_ROW, CREATE_TIME, LAST_UPDATE_BY, LAST_UPDATE_TIME, DESCRIPTION) values ('usr_user',null,null,'USR_USER','usr','reload',1,1,1,1,null,null,null,'1=1','1=1','1=1',null,null,null,null,null,null,null,null,null,null,null,null,0,0,1,1,0,{ts '2019-03-05 16:04:52.302'},'admin',{ts '2019-03-05 16:06:04.500'},null);
insert into SYM_TRIGGER (TRIGGER_ID, SOURCE_CATALOG_NAME, SOURCE_SCHEMA_NAME, SOURCE_TABLE_NAME, CHANNEL_ID, RELOAD_CHANNEL_ID, SYNC_ON_UPDATE, SYNC_ON_INSERT, SYNC_ON_DELETE, SYNC_ON_INCOMING_BATCH, NAME_FOR_UPDATE_TRIGGER, NAME_FOR_INSERT_TRIGGER, NAME_FOR_DELETE_TRIGGER, SYNC_ON_UPDATE_CONDITION, SYNC_ON_INSERT_CONDITION, SYNC_ON_DELETE_CONDITION, CUSTOM_BEFORE_UPDATE_TEXT, CUSTOM_BEFORE_INSERT_TEXT, CUSTOM_BEFORE_DELETE_TEXT, CUSTOM_ON_UPDATE_TEXT, CUSTOM_ON_INSERT_TEXT, CUSTOM_ON_DELETE_TEXT, EXTERNAL_SELECT, TX_ID_EXPRESSION, CHANNEL_EXPRESSION, EXCLUDED_COLUMN_NAMES, INCLUDED_COLUMN_NAMES, SYNC_KEY_NAMES, USE_STREAM_LOBS, USE_CAPTURE_LOBS, USE_CAPTURE_OLD_DATA, USE_HANDLE_KEY_UPDATES, STREAM_ROW, CREATE_TIME, LAST_UPDATE_BY, LAST_UPDATE_TIME, DESCRIPTION) values ('usr_password_history',null,null,'USR_PASSWORD_HISTORY','usr','reload',1,1,1,1,null,null,null,'1=1','1=1','1=1',null,null,null,null,null,null,null,null,null,null,null,null,0,0,1,1,0,{ts '2019-03-05 16:04:52.288'},'admin',{ts '2019-03-05 16:06:04.526'},null);
insert into SYM_TRIGGER (TRIGGER_ID, SOURCE_CATALOG_NAME, SOURCE_SCHEMA_NAME, SOURCE_TABLE_NAME, CHANNEL_ID, RELOAD_CHANNEL_ID, SYNC_ON_UPDATE, SYNC_ON_INSERT, SYNC_ON_DELETE, SYNC_ON_INCOMING_BATCH, NAME_FOR_UPDATE_TRIGGER, NAME_FOR_INSERT_TRIGGER, NAME_FOR_DELETE_TRIGGER, SYNC_ON_UPDATE_CONDITION, SYNC_ON_INSERT_CONDITION, SYNC_ON_DELETE_CONDITION, CUSTOM_BEFORE_UPDATE_TEXT, CUSTOM_BEFORE_INSERT_TEXT, CUSTOM_BEFORE_DELETE_TEXT, CUSTOM_ON_UPDATE_TEXT, CUSTOM_ON_INSERT_TEXT, CUSTOM_ON_DELETE_TEXT, EXTERNAL_SELECT, TX_ID_EXPRESSION, CHANNEL_EXPRESSION, EXCLUDED_COLUMN_NAMES, INCLUDED_COLUMN_NAMES, SYNC_KEY_NAMES, USE_STREAM_LOBS, USE_CAPTURE_LOBS, USE_CAPTURE_OLD_DATA, USE_HANDLE_KEY_UPDATES, STREAM_ROW, CREATE_TIME, LAST_UPDATE_BY, LAST_UPDATE_TIME, DESCRIPTION) values ('usr_workgroup_permission',null,null,'USR_WORKGROUP_PERMISSION','usr','reload',1,1,1,1,null,null,null,'1=1','1=1','1=1',null,null,null,null,null,null,null,null,null,null,null,null,0,0,1,1,0,{ts '2019-03-05 16:04:52.312'},'admin',{ts '2019-03-05 16:06:04.547'},null);
insert into SYM_TRIGGER (TRIGGER_ID, SOURCE_CATALOG_NAME, SOURCE_SCHEMA_NAME, SOURCE_TABLE_NAME, CHANNEL_ID, RELOAD_CHANNEL_ID, SYNC_ON_UPDATE, SYNC_ON_INSERT, SYNC_ON_DELETE, SYNC_ON_INCOMING_BATCH, NAME_FOR_UPDATE_TRIGGER, NAME_FOR_INSERT_TRIGGER, NAME_FOR_DELETE_TRIGGER, SYNC_ON_UPDATE_CONDITION, SYNC_ON_INSERT_CONDITION, SYNC_ON_DELETE_CONDITION, CUSTOM_BEFORE_UPDATE_TEXT, CUSTOM_BEFORE_INSERT_TEXT, CUSTOM_BEFORE_DELETE_TEXT, CUSTOM_ON_UPDATE_TEXT, CUSTOM_ON_INSERT_TEXT, CUSTOM_ON_DELETE_TEXT, EXTERNAL_SELECT, TX_ID_EXPRESSION, CHANNEL_EXPRESSION, EXCLUDED_COLUMN_NAMES, INCLUDED_COLUMN_NAMES, SYNC_KEY_NAMES, USE_STREAM_LOBS, USE_CAPTURE_LOBS, USE_CAPTURE_OLD_DATA, USE_HANDLE_KEY_UPDATES, STREAM_ROW, CREATE_TIME, LAST_UPDATE_BY, LAST_UPDATE_TIME, DESCRIPTION) values ('usr_workgroup',null,null,'USR_WORKGROUP','usr','reload',1,1,1,1,null,null,null,'1=1','1=1','1=1',null,null,null,null,null,null,null,null,null,null,null,null,0,0,1,1,0,{ts '2019-03-05 16:04:52.307'},'admin',{ts '2019-03-05 16:06:04.569'},null);
insert into SYM_ROUTER (ROUTER_ID, TARGET_CATALOG_NAME, TARGET_SCHEMA_NAME, TARGET_TABLE_NAME, SOURCE_NODE_GROUP_ID, TARGET_NODE_GROUP_ID, ROUTER_TYPE, ROUTER_EXPRESSION, SYNC_ON_UPDATE, SYNC_ON_INSERT, SYNC_ON_DELETE, USE_SOURCE_CATALOG_SCHEMA, CREATE_TIME, LAST_UPDATE_BY, LAST_UPDATE_TIME, DESCRIPTION) values ('corp to store',null,null,null,'corp','store','default',null,1,1,1,0,{ts '2019-03-05 15:21:57.549'},'admin',{ts '2019-03-05 15:21:57.549'},null);
insert into SYM_ROUTER (ROUTER_ID, TARGET_CATALOG_NAME, TARGET_SCHEMA_NAME, TARGET_TABLE_NAME, SOURCE_NODE_GROUP_ID, TARGET_NODE_GROUP_ID, ROUTER_TYPE, ROUTER_EXPRESSION, SYNC_ON_UPDATE, SYNC_ON_INSERT, SYNC_ON_DELETE, USE_SOURCE_CATALOG_SCHEMA, CREATE_TIME, LAST_UPDATE_BY, LAST_UPDATE_TIME, DESCRIPTION) values ('store to corp',null,null,null,'store','corp','default',null,1,1,1,0,{ts '2019-03-05 15:22:12.388'},'admin',{ts '2019-03-05 15:22:12.388'},null);
insert into SYM_ROUTER (ROUTER_ID, TARGET_CATALOG_NAME, TARGET_SCHEMA_NAME, TARGET_TABLE_NAME, SOURCE_NODE_GROUP_ID, TARGET_NODE_GROUP_ID, ROUTER_TYPE, ROUTER_EXPRESSION, SYNC_ON_UPDATE, SYNC_ON_INSERT, SYNC_ON_DELETE, USE_SOURCE_CATALOG_SCHEMA, CREATE_TIME, LAST_UPDATE_BY, LAST_UPDATE_TIME, DESCRIPTION) values ('store to register',null,null,null,'store','register','default',null,1,1,1,0,{ts '2019-03-05 15:22:24.594'},'admin',{ts '2019-03-05 15:22:24.594'},null);
insert into SYM_ROUTER (ROUTER_ID, TARGET_CATALOG_NAME, TARGET_SCHEMA_NAME, TARGET_TABLE_NAME, SOURCE_NODE_GROUP_ID, TARGET_NODE_GROUP_ID, ROUTER_TYPE, ROUTER_EXPRESSION, SYNC_ON_UPDATE, SYNC_ON_INSERT, SYNC_ON_DELETE, USE_SOURCE_CATALOG_SCHEMA, CREATE_TIME, LAST_UPDATE_BY, LAST_UPDATE_TIME, DESCRIPTION) values ('register to store',null,null,null,'register','store','default',null,1,1,1,0,{ts '2019-03-05 15:22:33.796'},'admin',{ts '2019-03-05 15:22:33.796'},null);
insert into SYM_ROUTER (ROUTER_ID, TARGET_CATALOG_NAME, TARGET_SCHEMA_NAME, TARGET_TABLE_NAME, SOURCE_NODE_GROUP_ID, TARGET_NODE_GROUP_ID, ROUTER_TYPE, ROUTER_EXPRESSION, SYNC_ON_UPDATE, SYNC_ON_INSERT, SYNC_ON_DELETE, USE_SOURCE_CATALOG_SCHEMA, CREATE_TIME, LAST_UPDATE_BY, LAST_UPDATE_TIME, DESCRIPTION) values ('tag_store_number',null,null,null,'corp','store','column','TAG_STORE_NUMBER = :EXTERNAL_ID
OR TAG_STORE_NUMBER = * ',1,1,1,0,{ts '2019-03-07 15:16:37.103'},'admin',{ts '2019-03-07 15:16:37.103'},null);
insert into SYM_TRIGGER_ROUTER (TRIGGER_ID, ROUTER_ID, ENABLED, INITIAL_LOAD_ORDER, INITIAL_LOAD_SELECT, INITIAL_LOAD_DELETE_STMT, CREATE_TIME, LAST_UPDATE_BY, LAST_UPDATE_TIME, DESCRIPTION) values ('cshthist','store to corp',1,50,null,null,{ts '2019-03-05 15:28:23.758'},null,{ts '2019-03-05 15:28:23.758'},null);
insert into SYM_TRIGGER_ROUTER (TRIGGER_ID, ROUTER_ID, ENABLED, INITIAL_LOAD_ORDER, INITIAL_LOAD_SELECT, INITIAL_LOAD_DELETE_STMT, CREATE_TIME, LAST_UPDATE_BY, LAST_UPDATE_TIME, DESCRIPTION) values ('empmst','store to corp',1,50,null,null,{ts '2019-03-05 15:28:23.767'},null,{ts '2019-03-05 15:28:23.767'},null);
insert into SYM_TRIGGER_ROUTER (TRIGGER_ID, ROUTER_ID, ENABLED, INITIAL_LOAD_ORDER, INITIAL_LOAD_SELECT, INITIAL_LOAD_DELETE_STMT, CREATE_TIME, LAST_UPDATE_BY, LAST_UPDATE_TIME, DESCRIPTION) values ('invthist','store to corp',1,50,null,null,{ts '2019-03-05 15:28:23.773'},null,{ts '2019-03-05 15:28:23.773'},null);
insert into SYM_TRIGGER_ROUTER (TRIGGER_ID, ROUTER_ID, ENABLED, INITIAL_LOAD_ORDER, INITIAL_LOAD_SELECT, INITIAL_LOAD_DELETE_STMT, CREATE_TIME, LAST_UPDATE_BY, LAST_UPDATE_TIME, DESCRIPTION) values ('tranhist','store to corp',1,50,null,null,{ts '2019-03-05 15:28:23.780'},null,{ts '2019-03-05 15:28:23.780'},null);
insert into SYM_TRIGGER_ROUTER (TRIGGER_ID, ROUTER_ID, ENABLED, INITIAL_LOAD_ORDER, INITIAL_LOAD_SELECT, INITIAL_LOAD_DELETE_STMT, CREATE_TIME, LAST_UPDATE_BY, LAST_UPDATE_TIME, DESCRIPTION) values ('ctx_module','register to store',1,50,null,null,{ts '2019-03-05 15:41:18.701'},null,{ts '2019-03-05 15:41:18.701'},null);
insert into SYM_TRIGGER_ROUTER (TRIGGER_ID, ROUTER_ID, ENABLED, INITIAL_LOAD_ORDER, INITIAL_LOAD_SELECT, INITIAL_LOAD_DELETE_STMT, CREATE_TIME, LAST_UPDATE_BY, LAST_UPDATE_TIME, DESCRIPTION) values ('cust_module','register to store',1,50,null,null,{ts '2019-03-05 15:41:18.707'},null,{ts '2019-03-05 15:41:18.707'},null);
insert into SYM_TRIGGER_ROUTER (TRIGGER_ID, ROUTER_ID, ENABLED, INITIAL_LOAD_ORDER, INITIAL_LOAD_SELECT, INITIAL_LOAD_DELETE_STMT, CREATE_TIME, LAST_UPDATE_BY, LAST_UPDATE_TIME, DESCRIPTION) values ('dev_module','register to store',1,50,null,null,{ts '2019-03-05 15:41:18.713'},null,{ts '2019-03-05 15:41:18.713'},null);
insert into SYM_TRIGGER_ROUTER (TRIGGER_ID, ROUTER_ID, ENABLED, INITIAL_LOAD_ORDER, INITIAL_LOAD_SELECT, INITIAL_LOAD_DELETE_STMT, CREATE_TIME, LAST_UPDATE_BY, LAST_UPDATE_TIME, DESCRIPTION) values ('i18n_module','register to store',1,50,null,null,{ts '2019-03-05 15:41:18.719'},null,{ts '2019-03-05 15:41:18.719'},null);
insert into SYM_TRIGGER_ROUTER (TRIGGER_ID, ROUTER_ID, ENABLED, INITIAL_LOAD_ORDER, INITIAL_LOAD_SELECT, INITIAL_LOAD_DELETE_STMT, CREATE_TIME, LAST_UPDATE_BY, LAST_UPDATE_TIME, DESCRIPTION) values ('itm_module','register to store',1,50,null,null,{ts '2019-03-05 15:41:18.725'},null,{ts '2019-03-05 15:41:18.725'},null);
insert into SYM_TRIGGER_ROUTER (TRIGGER_ID, ROUTER_ID, ENABLED, INITIAL_LOAD_ORDER, INITIAL_LOAD_SELECT, INITIAL_LOAD_DELETE_STMT, CREATE_TIME, LAST_UPDATE_BY, LAST_UPDATE_TIME, DESCRIPTION) values ('ops_module','register to store',1,50,null,null,{ts '2019-03-05 15:41:18.732'},null,{ts '2019-03-05 15:41:18.732'},null);
insert into SYM_TRIGGER_ROUTER (TRIGGER_ID, ROUTER_ID, ENABLED, INITIAL_LOAD_ORDER, INITIAL_LOAD_SELECT, INITIAL_LOAD_DELETE_STMT, CREATE_TIME, LAST_UPDATE_BY, LAST_UPDATE_TIME, DESCRIPTION) values ('pay_module','register to store',1,50,null,null,{ts '2019-03-05 15:41:18.742'},null,{ts '2019-03-05 15:41:18.742'},null);
insert into SYM_TRIGGER_ROUTER (TRIGGER_ID, ROUTER_ID, ENABLED, INITIAL_LOAD_ORDER, INITIAL_LOAD_SELECT, INITIAL_LOAD_DELETE_STMT, CREATE_TIME, LAST_UPDATE_BY, LAST_UPDATE_TIME, DESCRIPTION) values ('prm_module','register to store',1,50,null,null,{ts '2019-03-05 15:41:18.750'},null,{ts '2019-03-05 15:41:18.750'},null);
insert into SYM_TRIGGER_ROUTER (TRIGGER_ID, ROUTER_ID, ENABLED, INITIAL_LOAD_ORDER, INITIAL_LOAD_SELECT, INITIAL_LOAD_DELETE_STMT, CREATE_TIME, LAST_UPDATE_BY, LAST_UPDATE_TIME, DESCRIPTION) values ('sls_module','register to store',1,50,null,null,{ts '2019-03-05 15:41:18.754'},null,{ts '2019-03-05 15:41:18.754'},null);
insert into SYM_TRIGGER_ROUTER (TRIGGER_ID, ROUTER_ID, ENABLED, INITIAL_LOAD_ORDER, INITIAL_LOAD_SELECT, INITIAL_LOAD_DELETE_STMT, CREATE_TIME, LAST_UPDATE_BY, LAST_UPDATE_TIME, DESCRIPTION) values ('tax_module','register to store',1,50,null,null,{ts '2019-03-05 15:41:18.757'},null,{ts '2019-03-05 15:41:18.757'},null);
insert into SYM_TRIGGER_ROUTER (TRIGGER_ID, ROUTER_ID, ENABLED, INITIAL_LOAD_ORDER, INITIAL_LOAD_SELECT, INITIAL_LOAD_DELETE_STMT, CREATE_TIME, LAST_UPDATE_BY, LAST_UPDATE_TIME, DESCRIPTION) values ('usr_module','register to store',1,50,null,null,{ts '2019-03-05 15:41:18.761'},null,{ts '2019-03-05 15:41:18.761'},null);
insert into SYM_TRIGGER_ROUTER (TRIGGER_ID, ROUTER_ID, ENABLED, INITIAL_LOAD_ORDER, INITIAL_LOAD_SELECT, INITIAL_LOAD_DELETE_STMT, CREATE_TIME, LAST_UPDATE_BY, LAST_UPDATE_TIME, DESCRIPTION) values ('ctx_module','store to corp',1,50,null,null,{ts '2019-03-05 15:41:18.764'},null,{ts '2019-03-05 15:41:18.764'},null);
insert into SYM_TRIGGER_ROUTER (TRIGGER_ID, ROUTER_ID, ENABLED, INITIAL_LOAD_ORDER, INITIAL_LOAD_SELECT, INITIAL_LOAD_DELETE_STMT, CREATE_TIME, LAST_UPDATE_BY, LAST_UPDATE_TIME, DESCRIPTION) values ('cust_module','store to corp',1,50,null,null,{ts '2019-03-05 15:41:18.766'},null,{ts '2019-03-05 15:41:18.766'},null);
insert into SYM_TRIGGER_ROUTER (TRIGGER_ID, ROUTER_ID, ENABLED, INITIAL_LOAD_ORDER, INITIAL_LOAD_SELECT, INITIAL_LOAD_DELETE_STMT, CREATE_TIME, LAST_UPDATE_BY, LAST_UPDATE_TIME, DESCRIPTION) values ('dev_module','store to corp',1,50,null,null,{ts '2019-03-05 15:41:18.768'},null,{ts '2019-03-05 15:41:18.768'},null);
insert into SYM_TRIGGER_ROUTER (TRIGGER_ID, ROUTER_ID, ENABLED, INITIAL_LOAD_ORDER, INITIAL_LOAD_SELECT, INITIAL_LOAD_DELETE_STMT, CREATE_TIME, LAST_UPDATE_BY, LAST_UPDATE_TIME, DESCRIPTION) values ('i18n_module','store to corp',1,50,null,null,{ts '2019-03-05 15:41:18.770'},null,{ts '2019-03-05 15:41:18.770'},null);
insert into SYM_TRIGGER_ROUTER (TRIGGER_ID, ROUTER_ID, ENABLED, INITIAL_LOAD_ORDER, INITIAL_LOAD_SELECT, INITIAL_LOAD_DELETE_STMT, CREATE_TIME, LAST_UPDATE_BY, LAST_UPDATE_TIME, DESCRIPTION) values ('itm_module','store to corp',1,50,null,null,{ts '2019-03-05 15:41:18.773'},null,{ts '2019-03-05 15:41:18.773'},null);
insert into SYM_TRIGGER_ROUTER (TRIGGER_ID, ROUTER_ID, ENABLED, INITIAL_LOAD_ORDER, INITIAL_LOAD_SELECT, INITIAL_LOAD_DELETE_STMT, CREATE_TIME, LAST_UPDATE_BY, LAST_UPDATE_TIME, DESCRIPTION) values ('ops_module','store to corp',1,50,null,null,{ts '2019-03-05 15:41:18.775'},null,{ts '2019-03-05 15:41:18.775'},null);
insert into SYM_TRIGGER_ROUTER (TRIGGER_ID, ROUTER_ID, ENABLED, INITIAL_LOAD_ORDER, INITIAL_LOAD_SELECT, INITIAL_LOAD_DELETE_STMT, CREATE_TIME, LAST_UPDATE_BY, LAST_UPDATE_TIME, DESCRIPTION) values ('pay_module','store to corp',1,50,null,null,{ts '2019-03-05 15:41:18.777'},null,{ts '2019-03-05 15:41:18.777'},null);
insert into SYM_TRIGGER_ROUTER (TRIGGER_ID, ROUTER_ID, ENABLED, INITIAL_LOAD_ORDER, INITIAL_LOAD_SELECT, INITIAL_LOAD_DELETE_STMT, CREATE_TIME, LAST_UPDATE_BY, LAST_UPDATE_TIME, DESCRIPTION) values ('sls_module','store to corp',1,50,null,null,{ts '2019-03-05 15:41:18.782'},null,{ts '2019-03-05 15:41:18.782'},null);
insert into SYM_TRIGGER_ROUTER (TRIGGER_ID, ROUTER_ID, ENABLED, INITIAL_LOAD_ORDER, INITIAL_LOAD_SELECT, INITIAL_LOAD_DELETE_STMT, CREATE_TIME, LAST_UPDATE_BY, LAST_UPDATE_TIME, DESCRIPTION) values ('tax_module','store to corp',1,50,null,null,{ts '2019-03-05 15:41:18.784'},null,{ts '2019-03-05 15:41:18.784'},null);
insert into SYM_TRIGGER_ROUTER (TRIGGER_ID, ROUTER_ID, ENABLED, INITIAL_LOAD_ORDER, INITIAL_LOAD_SELECT, INITIAL_LOAD_DELETE_STMT, CREATE_TIME, LAST_UPDATE_BY, LAST_UPDATE_TIME, DESCRIPTION) values ('usr_module','store to corp',1,50,null,null,{ts '2019-03-05 15:41:18.787'},null,{ts '2019-03-05 15:41:18.787'},null);
insert into SYM_TRIGGER_ROUTER (TRIGGER_ID, ROUTER_ID, ENABLED, INITIAL_LOAD_ORDER, INITIAL_LOAD_SELECT, INITIAL_LOAD_DELETE_STMT, CREATE_TIME, LAST_UPDATE_BY, LAST_UPDATE_TIME, DESCRIPTION) values ('prm_module','store to corp',1,50,null,null,{ts '2019-03-05 15:42:03.876'},'admin',{ts '2019-03-05 15:42:03.876'},null);
insert into SYM_TRIGGER_ROUTER (TRIGGER_ID, ROUTER_ID, ENABLED, INITIAL_LOAD_ORDER, INITIAL_LOAD_SELECT, INITIAL_LOAD_DELETE_STMT, CREATE_TIME, LAST_UPDATE_BY, LAST_UPDATE_TIME, DESCRIPTION) values ('ctx_address','corp to store',1,50,null,null,{ts '2019-03-05 15:46:42.162'},null,{ts '2019-03-05 15:46:42.162'},null);
insert into SYM_TRIGGER_ROUTER (TRIGGER_ID, ROUTER_ID, ENABLED, INITIAL_LOAD_ORDER, INITIAL_LOAD_SELECT, INITIAL_LOAD_DELETE_STMT, CREATE_TIME, LAST_UPDATE_BY, LAST_UPDATE_TIME, DESCRIPTION) values ('ctx_brand','corp to store',1,50,null,null,{ts '2019-03-05 15:46:42.166'},null,{ts '2019-03-05 15:46:42.166'},null);
insert into SYM_TRIGGER_ROUTER (TRIGGER_ID, ROUTER_ID, ENABLED, INITIAL_LOAD_ORDER, INITIAL_LOAD_SELECT, INITIAL_LOAD_DELETE_STMT, CREATE_TIME, LAST_UPDATE_BY, LAST_UPDATE_TIME, DESCRIPTION) values ('ctx_business_unit','corp to store',1,50,null,null,{ts '2019-03-05 15:46:42.170'},null,{ts '2019-03-05 15:46:42.170'},null);
insert into SYM_TRIGGER_ROUTER (TRIGGER_ID, ROUTER_ID, ENABLED, INITIAL_LOAD_ORDER, INITIAL_LOAD_SELECT, INITIAL_LOAD_DELETE_STMT, CREATE_TIME, LAST_UPDATE_BY, LAST_UPDATE_TIME, DESCRIPTION) values ('ctx_button','corp to store',1,50,null,null,{ts '2019-03-05 15:46:42.175'},null,{ts '2019-03-05 15:46:42.175'},null);
insert into SYM_TRIGGER_ROUTER (TRIGGER_ID, ROUTER_ID, ENABLED, INITIAL_LOAD_ORDER, INITIAL_LOAD_SELECT, INITIAL_LOAD_DELETE_STMT, CREATE_TIME, LAST_UPDATE_BY, LAST_UPDATE_TIME, DESCRIPTION) values ('ctx_config','corp to store',1,50,null,null,{ts '2019-03-05 15:46:42.180'},null,{ts '2019-03-05 15:46:42.180'},null);
insert into SYM_TRIGGER_ROUTER (TRIGGER_ID, ROUTER_ID, ENABLED, INITIAL_LOAD_ORDER, INITIAL_LOAD_SELECT, INITIAL_LOAD_DELETE_STMT, CREATE_TIME, LAST_UPDATE_BY, LAST_UPDATE_TIME, DESCRIPTION) values ('ctx_country','corp to store',1,50,null,null,{ts '2019-03-05 15:46:42.186'},null,{ts '2019-03-05 15:46:42.186'},null);
insert into SYM_TRIGGER_ROUTER (TRIGGER_ID, ROUTER_ID, ENABLED, INITIAL_LOAD_ORDER, INITIAL_LOAD_SELECT, INITIAL_LOAD_DELETE_STMT, CREATE_TIME, LAST_UPDATE_BY, LAST_UPDATE_TIME, DESCRIPTION) values ('ctx_form','corp to store',1,50,null,null,{ts '2019-03-05 15:46:42.192'},null,{ts '2019-03-05 15:46:42.192'},null);
insert into SYM_TRIGGER_ROUTER (TRIGGER_ID, ROUTER_ID, ENABLED, INITIAL_LOAD_ORDER, INITIAL_LOAD_SELECT, INITIAL_LOAD_DELETE_STMT, CREATE_TIME, LAST_UPDATE_BY, LAST_UPDATE_TIME, DESCRIPTION) values ('ctx_form_field','corp to store',1,50,null,null,{ts '2019-03-05 15:46:42.196'},null,{ts '2019-03-05 15:46:42.196'},null);
insert into SYM_TRIGGER_ROUTER (TRIGGER_ID, ROUTER_ID, ENABLED, INITIAL_LOAD_ORDER, INITIAL_LOAD_SELECT, INITIAL_LOAD_DELETE_STMT, CREATE_TIME, LAST_UPDATE_BY, LAST_UPDATE_TIME, DESCRIPTION) values ('ctx_code','corp to store',1,50,null,null,{ts '2021-05-13 08:45:00.000'},null,{ts '2021-05-13 08:45:00.000'},null);
insert into SYM_TRIGGER_ROUTER (TRIGGER_ID, ROUTER_ID, ENABLED, INITIAL_LOAD_ORDER, INITIAL_LOAD_SELECT, INITIAL_LOAD_DELETE_STMT, CREATE_TIME, LAST_UPDATE_BY, LAST_UPDATE_TIME, DESCRIPTION) values ('ctx_reason_code','corp to store',1,50,null,null,{ts '2019-03-05 15:46:42.200'},null,{ts '2019-03-05 15:46:42.200'},null);
insert into SYM_TRIGGER_ROUTER (TRIGGER_ID, ROUTER_ID, ENABLED, INITIAL_LOAD_ORDER, INITIAL_LOAD_SELECT, INITIAL_LOAD_DELETE_STMT, CREATE_TIME, LAST_UPDATE_BY, LAST_UPDATE_TIME, DESCRIPTION) values ('ctx_state','corp to store',1,50,null,null,{ts '2019-03-05 15:46:42.204'},null,{ts '2019-03-05 15:46:42.204'},null);
insert into SYM_TRIGGER_ROUTER (TRIGGER_ID, ROUTER_ID, ENABLED, INITIAL_LOAD_ORDER, INITIAL_LOAD_SELECT, INITIAL_LOAD_DELETE_STMT, CREATE_TIME, LAST_UPDATE_BY, LAST_UPDATE_TIME, DESCRIPTION) values ('ctx_address','store to register',1,50,null,null,{ts '2019-03-05 15:46:42.430'},null,{ts '2019-03-05 15:46:42.430'},null);
insert into SYM_TRIGGER_ROUTER (TRIGGER_ID, ROUTER_ID, ENABLED, INITIAL_LOAD_ORDER, INITIAL_LOAD_SELECT, INITIAL_LOAD_DELETE_STMT, CREATE_TIME, LAST_UPDATE_BY, LAST_UPDATE_TIME, DESCRIPTION) values ('ctx_brand','store to register',1,50,null,null,{ts '2019-03-05 15:46:42.433'},null,{ts '2019-03-05 15:46:42.433'},null);
insert into SYM_TRIGGER_ROUTER (TRIGGER_ID, ROUTER_ID, ENABLED, INITIAL_LOAD_ORDER, INITIAL_LOAD_SELECT, INITIAL_LOAD_DELETE_STMT, CREATE_TIME, LAST_UPDATE_BY, LAST_UPDATE_TIME, DESCRIPTION) values ('ctx_business_unit','store to register',1,50,null,null,{ts '2019-03-05 15:46:42.435'},null,{ts '2019-03-05 15:46:42.435'},null);
insert into SYM_TRIGGER_ROUTER (TRIGGER_ID, ROUTER_ID, ENABLED, INITIAL_LOAD_ORDER, INITIAL_LOAD_SELECT, INITIAL_LOAD_DELETE_STMT, CREATE_TIME, LAST_UPDATE_BY, LAST_UPDATE_TIME, DESCRIPTION) values ('ctx_button','store to register',1,50,null,null,{ts '2019-03-05 15:46:42.437'},null,{ts '2019-03-05 15:46:42.437'},null);
insert into SYM_TRIGGER_ROUTER (TRIGGER_ID, ROUTER_ID, ENABLED, INITIAL_LOAD_ORDER, INITIAL_LOAD_SELECT, INITIAL_LOAD_DELETE_STMT, CREATE_TIME, LAST_UPDATE_BY, LAST_UPDATE_TIME, DESCRIPTION) values ('ctx_config','store to register',1,50,null,null,{ts '2019-03-05 15:46:42.440'},null,{ts '2019-03-05 15:46:42.440'},null);
insert into SYM_TRIGGER_ROUTER (TRIGGER_ID, ROUTER_ID, ENABLED, INITIAL_LOAD_ORDER, INITIAL_LOAD_SELECT, INITIAL_LOAD_DELETE_STMT, CREATE_TIME, LAST_UPDATE_BY, LAST_UPDATE_TIME, DESCRIPTION) values ('ctx_country','store to register',1,50,null,null,{ts '2019-03-05 15:46:42.443'},null,{ts '2019-03-05 15:46:42.443'},null);
insert into SYM_TRIGGER_ROUTER (TRIGGER_ID, ROUTER_ID, ENABLED, INITIAL_LOAD_ORDER, INITIAL_LOAD_SELECT, INITIAL_LOAD_DELETE_STMT, CREATE_TIME, LAST_UPDATE_BY, LAST_UPDATE_TIME, DESCRIPTION) values ('ctx_form','store to register',1,50,null,null,{ts '2019-03-05 15:46:42.445'},null,{ts '2019-03-05 15:46:42.445'},null);
insert into SYM_TRIGGER_ROUTER (TRIGGER_ID, ROUTER_ID, ENABLED, INITIAL_LOAD_ORDER, INITIAL_LOAD_SELECT, INITIAL_LOAD_DELETE_STMT, CREATE_TIME, LAST_UPDATE_BY, LAST_UPDATE_TIME, DESCRIPTION) values ('ctx_form_field','store to register',1,50,null,null,{ts '2019-03-05 15:46:42.448'},null,{ts '2019-03-05 15:46:42.448'},null);
insert into SYM_TRIGGER_ROUTER (TRIGGER_ID, ROUTER_ID, ENABLED, INITIAL_LOAD_ORDER, INITIAL_LOAD_SELECT, INITIAL_LOAD_DELETE_STMT, CREATE_TIME, LAST_UPDATE_BY, LAST_UPDATE_TIME, DESCRIPTION) values ('ctx_code','store to register',1,50,null,null,{ts '2021-05-13 08:45:00.000'},null,{ts '2021-05-13 08:45:00.000'},null);
insert into SYM_TRIGGER_ROUTER (TRIGGER_ID, ROUTER_ID, ENABLED, INITIAL_LOAD_ORDER, INITIAL_LOAD_SELECT, INITIAL_LOAD_DELETE_STMT, CREATE_TIME, LAST_UPDATE_BY, LAST_UPDATE_TIME, DESCRIPTION) values ('ctx_reason_code','store to register',1,50,null,null,{ts '2019-03-05 15:46:42.450'},null,{ts '2019-03-05 15:46:42.450'},null);
insert into SYM_TRIGGER_ROUTER (TRIGGER_ID, ROUTER_ID, ENABLED, INITIAL_LOAD_ORDER, INITIAL_LOAD_SELECT, INITIAL_LOAD_DELETE_STMT, CREATE_TIME, LAST_UPDATE_BY, LAST_UPDATE_TIME, DESCRIPTION) values ('ctx_state','store to register',1,50,null,null,{ts '2019-03-05 15:46:42.452'},null,{ts '2019-03-05 15:46:42.452'},null);
insert into SYM_TRIGGER_ROUTER (TRIGGER_ID, ROUTER_ID, ENABLED, INITIAL_LOAD_ORDER, INITIAL_LOAD_SELECT, INITIAL_LOAD_DELETE_STMT, CREATE_TIME, LAST_UPDATE_BY, LAST_UPDATE_TIME, DESCRIPTION) values ('i18n_resource','corp to store',1,50,null,null,{ts '2019-03-05 15:48:03.691'},null,{ts '2019-03-05 15:48:03.691'},null);
insert into SYM_TRIGGER_ROUTER (TRIGGER_ID, ROUTER_ID, ENABLED, INITIAL_LOAD_ORDER, INITIAL_LOAD_SELECT, INITIAL_LOAD_DELETE_STMT, CREATE_TIME, LAST_UPDATE_BY, LAST_UPDATE_TIME, DESCRIPTION) values ('i18n_resource','store to register',1,50,null,null,{ts '2019-03-05 15:48:03.720'},null,{ts '2019-03-05 15:48:03.720'},null);
insert into SYM_TRIGGER_ROUTER (TRIGGER_ID, ROUTER_ID, ENABLED, INITIAL_LOAD_ORDER, INITIAL_LOAD_SELECT, INITIAL_LOAD_DELETE_STMT, CREATE_TIME, LAST_UPDATE_BY, LAST_UPDATE_TIME, DESCRIPTION) values ('itm_assigned_item','corp to store',1,50,null,null,{ts '2019-03-05 15:49:14.441'},null,{ts '2019-03-05 15:49:14.441'},null);
insert into SYM_TRIGGER_ROUTER (TRIGGER_ID, ROUTER_ID, ENABLED, INITIAL_LOAD_ORDER, INITIAL_LOAD_SELECT, INITIAL_LOAD_DELETE_STMT, CREATE_TIME, LAST_UPDATE_BY, LAST_UPDATE_TIME, DESCRIPTION) values ('itm_item','corp to store',1,50,null,null,{ts '2019-03-05 15:49:14.445'},null,{ts '2019-03-05 15:49:14.445'},null);
insert into SYM_TRIGGER_ROUTER (TRIGGER_ID, ROUTER_ID, ENABLED, INITIAL_LOAD_ORDER, INITIAL_LOAD_SELECT, INITIAL_LOAD_DELETE_STMT, CREATE_TIME, LAST_UPDATE_BY, LAST_UPDATE_TIME, DESCRIPTION) values ('itm_item_image','corp to store',1,50,null,null,{ts '2019-03-05 15:49:14.445'},null,{ts '2019-03-05 15:49:14.445'},null);
insert into SYM_TRIGGER_ROUTER (TRIGGER_ID, ROUTER_ID, ENABLED, INITIAL_LOAD_ORDER, INITIAL_LOAD_SELECT, INITIAL_LOAD_DELETE_STMT, CREATE_TIME, LAST_UPDATE_BY, LAST_UPDATE_TIME, DESCRIPTION) values ('itm_item_group','corp to store',1,50,null,null,{ts '2019-03-05 15:49:14.449'},null,{ts '2019-03-05 15:49:14.449'},null);
insert into SYM_TRIGGER_ROUTER (TRIGGER_ID, ROUTER_ID, ENABLED, INITIAL_LOAD_ORDER, INITIAL_LOAD_SELECT, INITIAL_LOAD_DELETE_STMT, CREATE_TIME, LAST_UPDATE_BY, LAST_UPDATE_TIME, DESCRIPTION) values ('itm_item_group_member','corp to store',1,50,null,null,{ts '2019-03-05 15:49:14.453'},null,{ts '2019-03-05 15:49:14.453'},null);
insert into SYM_TRIGGER_ROUTER (TRIGGER_ID, ROUTER_ID, ENABLED, INITIAL_LOAD_ORDER, INITIAL_LOAD_SELECT, INITIAL_LOAD_DELETE_STMT, CREATE_TIME, LAST_UPDATE_BY, LAST_UPDATE_TIME, DESCRIPTION) values ('itm_item_id','corp to store',1,50,null,null,{ts '2019-03-05 15:49:14.457'},null,{ts '2019-03-05 15:49:14.457'},null);
insert into SYM_TRIGGER_ROUTER (TRIGGER_ID, ROUTER_ID, ENABLED, INITIAL_LOAD_ORDER, INITIAL_LOAD_SELECT, INITIAL_LOAD_DELETE_STMT, CREATE_TIME, LAST_UPDATE_BY, LAST_UPDATE_TIME, DESCRIPTION) values ('itm_assigned_item','store to register',1,50,null,null,{ts '2019-03-05 15:49:14.621'},null,{ts '2019-03-05 15:49:14.621'},null);
insert into SYM_TRIGGER_ROUTER (TRIGGER_ID, ROUTER_ID, ENABLED, INITIAL_LOAD_ORDER, INITIAL_LOAD_SELECT, INITIAL_LOAD_DELETE_STMT, CREATE_TIME, LAST_UPDATE_BY, LAST_UPDATE_TIME, DESCRIPTION) values ('itm_item','store to register',1,50,null,null,{ts '2019-03-05 15:49:14.623'},null,{ts '2019-03-05 15:49:14.623'},null);
insert into SYM_TRIGGER_ROUTER (TRIGGER_ID, ROUTER_ID, ENABLED, INITIAL_LOAD_ORDER, INITIAL_LOAD_SELECT, INITIAL_LOAD_DELETE_STMT, CREATE_TIME, LAST_UPDATE_BY, LAST_UPDATE_TIME, DESCRIPTION) values ('itm_item_image','store to register',1,50,null,null,{ts '2019-03-05 15:49:14.623'},null,{ts '2019-03-05 15:49:14.623'},null);
insert into SYM_TRIGGER_ROUTER (TRIGGER_ID, ROUTER_ID, ENABLED, INITIAL_LOAD_ORDER, INITIAL_LOAD_SELECT, INITIAL_LOAD_DELETE_STMT, CREATE_TIME, LAST_UPDATE_BY, LAST_UPDATE_TIME, DESCRIPTION) values ('itm_item_group','store to register',1,50,null,null,{ts '2019-03-05 15:49:14.626'},null,{ts '2019-03-05 15:49:14.626'},null);
insert into SYM_TRIGGER_ROUTER (TRIGGER_ID, ROUTER_ID, ENABLED, INITIAL_LOAD_ORDER, INITIAL_LOAD_SELECT, INITIAL_LOAD_DELETE_STMT, CREATE_TIME, LAST_UPDATE_BY, LAST_UPDATE_TIME, DESCRIPTION) values ('itm_item_group_member','store to register',1,50,null,null,{ts '2019-03-05 15:49:14.628'},null,{ts '2019-03-05 15:49:14.628'},null);
insert into SYM_TRIGGER_ROUTER (TRIGGER_ID, ROUTER_ID, ENABLED, INITIAL_LOAD_ORDER, INITIAL_LOAD_SELECT, INITIAL_LOAD_DELETE_STMT, CREATE_TIME, LAST_UPDATE_BY, LAST_UPDATE_TIME, DESCRIPTION) values ('itm_item_id','store to register',1,50,null,null,{ts '2019-03-05 15:49:14.631'},null,{ts '2019-03-05 15:49:14.631'},null);
insert into SYM_TRIGGER_ROUTER (TRIGGER_ID, ROUTER_ID, ENABLED, INITIAL_LOAD_ORDER, INITIAL_LOAD_SELECT, INITIAL_LOAD_DELETE_STMT, CREATE_TIME, LAST_UPDATE_BY, LAST_UPDATE_TIME, DESCRIPTION) values ('itm_selling_price','store to register',1,50,null,null,{ts '2019-03-05 15:49:14.633'},null,{ts '2019-03-05 15:49:14.633'},null);
insert into SYM_TRIGGER_ROUTER (TRIGGER_ID, ROUTER_ID, ENABLED, INITIAL_LOAD_ORDER, INITIAL_LOAD_SELECT, INITIAL_LOAD_DELETE_STMT, CREATE_TIME, LAST_UPDATE_BY, LAST_UPDATE_TIME, DESCRIPTION) values ('itm_selling_rule','store to register',1,50,null,null,{ts '2019-03-05 15:49:14.636'},null,{ts '2019-03-05 15:49:14.636'},null);
insert into SYM_TRIGGER_ROUTER (TRIGGER_ID, ROUTER_ID, ENABLED, INITIAL_LOAD_ORDER, INITIAL_LOAD_SELECT, INITIAL_LOAD_DELETE_STMT, CREATE_TIME, LAST_UPDATE_BY, LAST_UPDATE_TIME, DESCRIPTION) values ('ops_unit_status','store to register',1,50,null,null,{ts '2019-03-05 15:49:14.636'},null,{ts '2019-03-05 15:49:14.636'},null);
insert into SYM_TRIGGER_ROUTER (TRIGGER_ID, ROUTER_ID, ENABLED, INITIAL_LOAD_ORDER, INITIAL_LOAD_SELECT, INITIAL_LOAD_DELETE_STMT, CREATE_TIME, LAST_UPDATE_BY, LAST_UPDATE_TIME, DESCRIPTION) values ('ops_unit_status','register to store',1,50,null,null,{ts '2019-03-05 15:49:14.636'},null,{ts '2019-03-05 15:49:14.636'},null);
insert into SYM_TRIGGER_ROUTER (TRIGGER_ID, ROUTER_ID, ENABLED, INITIAL_LOAD_ORDER, INITIAL_LOAD_SELECT, INITIAL_LOAD_DELETE_STMT, CREATE_TIME, LAST_UPDATE_BY, LAST_UPDATE_TIME, DESCRIPTION) values ('ops_till','store to register',1,50,null,null,{ts '2019-03-05 15:49:14.636'},null,{ts '2019-03-05 15:49:14.636'},null);
insert into SYM_TRIGGER_ROUTER (TRIGGER_ID, ROUTER_ID, ENABLED, INITIAL_LOAD_ORDER, INITIAL_LOAD_SELECT, INITIAL_LOAD_DELETE_STMT, CREATE_TIME, LAST_UPDATE_BY, LAST_UPDATE_TIME, DESCRIPTION) values ('ops_till','register to store',1,50,null,null,{ts '2019-03-05 15:49:14.636'},null,{ts '2019-03-05 15:49:14.636'},null);
insert into SYM_TRIGGER_ROUTER (TRIGGER_ID, ROUTER_ID, ENABLED, INITIAL_LOAD_ORDER, INITIAL_LOAD_SELECT, INITIAL_LOAD_DELETE_STMT, CREATE_TIME, LAST_UPDATE_BY, LAST_UPDATE_TIME, DESCRIPTION) values ('ops_till_assignment','store to register',1,50,null,null,{ts '2019-03-05 15:49:14.636'},null,{ts '2019-03-05 15:49:14.636'},null);
insert into SYM_TRIGGER_ROUTER (TRIGGER_ID, ROUTER_ID, ENABLED, INITIAL_LOAD_ORDER, INITIAL_LOAD_SELECT, INITIAL_LOAD_DELETE_STMT, CREATE_TIME, LAST_UPDATE_BY, LAST_UPDATE_TIME, DESCRIPTION) values ('ops_till_assignment','register to store',1,50,null,null,{ts '2019-03-05 15:49:14.636'},null,{ts '2019-03-05 15:49:14.636'},null);
insert into SYM_TRIGGER_ROUTER (TRIGGER_ID, ROUTER_ID, ENABLED, INITIAL_LOAD_ORDER, INITIAL_LOAD_SELECT, INITIAL_LOAD_DELETE_STMT, CREATE_TIME, LAST_UPDATE_BY, LAST_UPDATE_TIME, DESCRIPTION) values ('prm_qualification','corp to store',1,50,null,null,{ts '2019-03-05 15:50:47.125'},null,{ts '2019-03-05 15:50:47.125'},null);
insert into SYM_TRIGGER_ROUTER (TRIGGER_ID, ROUTER_ID, ENABLED, INITIAL_LOAD_ORDER, INITIAL_LOAD_SELECT, INITIAL_LOAD_DELETE_STMT, CREATE_TIME, LAST_UPDATE_BY, LAST_UPDATE_TIME, DESCRIPTION) values ('prm_qualification_item','corp to store',1,50,null,null,{ts '2019-03-05 15:50:47.129'},null,{ts '2019-03-05 15:50:47.129'},null);
insert into SYM_TRIGGER_ROUTER (TRIGGER_ID, ROUTER_ID, ENABLED, INITIAL_LOAD_ORDER, INITIAL_LOAD_SELECT, INITIAL_LOAD_DELETE_STMT, CREATE_TIME, LAST_UPDATE_BY, LAST_UPDATE_TIME, DESCRIPTION) values ('prm_reward','corp to store',1,50,null,null,{ts '2019-03-05 15:50:47.133'},null,{ts '2019-03-05 15:50:47.133'},null);
insert into SYM_TRIGGER_ROUTER (TRIGGER_ID, ROUTER_ID, ENABLED, INITIAL_LOAD_ORDER, INITIAL_LOAD_SELECT, INITIAL_LOAD_DELETE_STMT, CREATE_TIME, LAST_UPDATE_BY, LAST_UPDATE_TIME, DESCRIPTION) values ('prm_reward_item','corp to store',1,50,null,null,{ts '2019-03-05 15:50:47.138'},null,{ts '2019-03-05 15:50:47.138'},null);
insert into SYM_TRIGGER_ROUTER (TRIGGER_ID, ROUTER_ID, ENABLED, INITIAL_LOAD_ORDER, INITIAL_LOAD_SELECT, INITIAL_LOAD_DELETE_STMT, CREATE_TIME, LAST_UPDATE_BY, LAST_UPDATE_TIME, DESCRIPTION) values ('prm_promotion','store to register',1,50,null,null,{ts '2019-03-05 15:50:47.262'},null,{ts '2019-03-05 15:50:47.262'},null);
insert into SYM_TRIGGER_ROUTER (TRIGGER_ID, ROUTER_ID, ENABLED, INITIAL_LOAD_ORDER, INITIAL_LOAD_SELECT, INITIAL_LOAD_DELETE_STMT, CREATE_TIME, LAST_UPDATE_BY, LAST_UPDATE_TIME, DESCRIPTION) values ('prm_qualification','store to register',1,50,null,null,{ts '2019-03-05 15:50:47.265'},null,{ts '2019-03-05 15:50:47.265'},null);
insert into SYM_TRIGGER_ROUTER (TRIGGER_ID, ROUTER_ID, ENABLED, INITIAL_LOAD_ORDER, INITIAL_LOAD_SELECT, INITIAL_LOAD_DELETE_STMT, CREATE_TIME, LAST_UPDATE_BY, LAST_UPDATE_TIME, DESCRIPTION) values ('prm_qualification_item','store to register',1,50,null,null,{ts '2019-03-05 15:50:47.268'},null,{ts '2019-03-05 15:50:47.268'},null);
insert into SYM_TRIGGER_ROUTER (TRIGGER_ID, ROUTER_ID, ENABLED, INITIAL_LOAD_ORDER, INITIAL_LOAD_SELECT, INITIAL_LOAD_DELETE_STMT, CREATE_TIME, LAST_UPDATE_BY, LAST_UPDATE_TIME, DESCRIPTION) values ('prm_reward','store to register',1,50,null,null,{ts '2019-03-05 15:50:47.270'},null,{ts '2019-03-05 15:50:47.270'},null);
insert into SYM_TRIGGER_ROUTER (TRIGGER_ID, ROUTER_ID, ENABLED, INITIAL_LOAD_ORDER, INITIAL_LOAD_SELECT, INITIAL_LOAD_DELETE_STMT, CREATE_TIME, LAST_UPDATE_BY, LAST_UPDATE_TIME, DESCRIPTION) values ('prm_reward_item','store to register',1,50,null,null,{ts '2019-03-05 15:50:47.273'},null,{ts '2019-03-05 15:50:47.273'},null);
insert into SYM_TRIGGER_ROUTER (TRIGGER_ID, ROUTER_ID, ENABLED, INITIAL_LOAD_ORDER, INITIAL_LOAD_SELECT, INITIAL_LOAD_DELETE_STMT, CREATE_TIME, LAST_UPDATE_BY, LAST_UPDATE_TIME, DESCRIPTION) values ('sls_retail_line_item','register to store',1,50,null,null,{ts '2019-03-05 15:52:53.493'},null,{ts '2019-03-05 15:52:53.493'},null);
insert into SYM_TRIGGER_ROUTER (TRIGGER_ID, ROUTER_ID, ENABLED, INITIAL_LOAD_ORDER, INITIAL_LOAD_SELECT, INITIAL_LOAD_DELETE_STMT, CREATE_TIME, LAST_UPDATE_BY, LAST_UPDATE_TIME, DESCRIPTION) values ('sls_retail_line_item_price_mod','register to store',1,50,null,null,{ts '2019-03-05 15:52:53.498'},null,{ts '2019-03-05 15:52:53.498'},null);
insert into SYM_TRIGGER_ROUTER (TRIGGER_ID, ROUTER_ID, ENABLED, INITIAL_LOAD_ORDER, INITIAL_LOAD_SELECT, INITIAL_LOAD_DELETE_STMT, CREATE_TIME, LAST_UPDATE_BY, LAST_UPDATE_TIME, DESCRIPTION) values ('sls_retail_trans','register to store',1,50,null,null,{ts '2019-03-05 15:52:53.502'},null,{ts '2019-03-05 15:52:53.502'},null);
insert into SYM_TRIGGER_ROUTER (TRIGGER_ID, ROUTER_ID, ENABLED, INITIAL_LOAD_ORDER, INITIAL_LOAD_SELECT, INITIAL_LOAD_DELETE_STMT, CREATE_TIME, LAST_UPDATE_BY, LAST_UPDATE_TIME, DESCRIPTION) values ('sls_tax_group_line_item','register to store',1,50,null,null,{ts '2019-03-05 15:52:53.506'},null,{ts '2019-03-05 15:52:53.506'},null);
insert into SYM_TRIGGER_ROUTER (TRIGGER_ID, ROUTER_ID, ENABLED, INITIAL_LOAD_ORDER, INITIAL_LOAD_SELECT, INITIAL_LOAD_DELETE_STMT, CREATE_TIME, LAST_UPDATE_BY, LAST_UPDATE_TIME, DESCRIPTION) values ('sls_tax_retail_line_item','register to store',1,50,null,null,{ts '2019-03-05 15:52:53.510'},null,{ts '2019-03-05 15:52:53.510'},null);
insert into SYM_TRIGGER_ROUTER (TRIGGER_ID, ROUTER_ID, ENABLED, INITIAL_LOAD_ORDER, INITIAL_LOAD_SELECT, INITIAL_LOAD_DELETE_STMT, CREATE_TIME, LAST_UPDATE_BY, LAST_UPDATE_TIME, DESCRIPTION) values ('sls_tender_line_item','register to store',1,50,null,null,{ts '2019-03-05 15:52:53.514'},null,{ts '2019-03-05 15:52:53.514'},null);
insert into SYM_TRIGGER_ROUTER (TRIGGER_ID, ROUTER_ID, ENABLED, INITIAL_LOAD_ORDER, INITIAL_LOAD_SELECT, INITIAL_LOAD_DELETE_STMT, CREATE_TIME, LAST_UPDATE_BY, LAST_UPDATE_TIME, DESCRIPTION) values ('sls_till','register to store',1,50,null,null,{ts '2019-03-05 15:52:53.518'},null,{ts '2019-03-05 15:52:53.518'},null);
insert into SYM_TRIGGER_ROUTER (TRIGGER_ID, ROUTER_ID, ENABLED, INITIAL_LOAD_ORDER, INITIAL_LOAD_SELECT, INITIAL_LOAD_DELETE_STMT, CREATE_TIME, LAST_UPDATE_BY, LAST_UPDATE_TIME, DESCRIPTION) values ('sls_till_assignment','register to store',1,50,null,null,{ts '2019-03-05 15:52:53.522'},null,{ts '2019-03-05 15:52:53.522'},null);
insert into SYM_TRIGGER_ROUTER (TRIGGER_ID, ROUTER_ID, ENABLED, INITIAL_LOAD_ORDER, INITIAL_LOAD_SELECT, INITIAL_LOAD_DELETE_STMT, CREATE_TIME, LAST_UPDATE_BY, LAST_UPDATE_TIME, DESCRIPTION) values ('sls_trans','register to store',1,50,null,null,{ts '2019-03-05 15:52:53.526'},null,{ts '2019-03-05 15:52:53.526'},null);
insert into SYM_TRIGGER_ROUTER (TRIGGER_ID, ROUTER_ID, ENABLED, INITIAL_LOAD_ORDER, INITIAL_LOAD_SELECT, INITIAL_LOAD_DELETE_STMT, CREATE_TIME, LAST_UPDATE_BY, LAST_UPDATE_TIME, DESCRIPTION) values ('sls_tender_control_trans','register to store',1,50,null,null,{ts '2019-03-05 15:52:53.526'},null,{ts '2019-03-05 15:52:53.526'},null);
insert into SYM_TRIGGER_ROUTER (TRIGGER_ID, ROUTER_ID, ENABLED, INITIAL_LOAD_ORDER, INITIAL_LOAD_SELECT, INITIAL_LOAD_DELETE_STMT, CREATE_TIME, LAST_UPDATE_BY, LAST_UPDATE_TIME, DESCRIPTION) values ('sls_tender_settlement_trans','register to store',1,50,null,null,{ts '2019-03-05 15:52:53.526'},null,{ts '2019-03-05 15:52:53.526'},null);
insert into SYM_TRIGGER_ROUTER (TRIGGER_ID, ROUTER_ID, ENABLED, INITIAL_LOAD_ORDER, INITIAL_LOAD_SELECT, INITIAL_LOAD_DELETE_STMT, CREATE_TIME, LAST_UPDATE_BY, LAST_UPDATE_TIME, DESCRIPTION) values ('sls_tender_settlement_line_itm','register to store',1,50,null,null,{ts '2019-03-05 15:52:53.526'},null,{ts '2019-03-05 15:52:53.526'},null);
insert into SYM_TRIGGER_ROUTER (TRIGGER_ID, ROUTER_ID, ENABLED, INITIAL_LOAD_ORDER, INITIAL_LOAD_SELECT, INITIAL_LOAD_DELETE_STMT, CREATE_TIME, LAST_UPDATE_BY, LAST_UPDATE_TIME, DESCRIPTION) values ('sls_retail_line_item','store to corp',1,50,null,null,{ts '2019-03-05 15:52:53.529'},null,{ts '2019-03-05 15:52:53.529'},null);
insert into SYM_TRIGGER_ROUTER (TRIGGER_ID, ROUTER_ID, ENABLED, INITIAL_LOAD_ORDER, INITIAL_LOAD_SELECT, INITIAL_LOAD_DELETE_STMT, CREATE_TIME, LAST_UPDATE_BY, LAST_UPDATE_TIME, DESCRIPTION) values ('sls_retail_line_item_price_mod','store to corp',1,50,null,null,{ts '2019-03-05 15:52:53.532'},null,{ts '2019-03-05 15:52:53.532'},null);
insert into SYM_TRIGGER_ROUTER (TRIGGER_ID, ROUTER_ID, ENABLED, INITIAL_LOAD_ORDER, INITIAL_LOAD_SELECT, INITIAL_LOAD_DELETE_STMT, CREATE_TIME, LAST_UPDATE_BY, LAST_UPDATE_TIME, DESCRIPTION) values ('sls_retail_trans','store to corp',1,50,null,null,{ts '2019-03-05 15:52:53.534'},null,{ts '2019-03-05 15:52:53.534'},null);
insert into SYM_TRIGGER_ROUTER (TRIGGER_ID, ROUTER_ID, ENABLED, INITIAL_LOAD_ORDER, INITIAL_LOAD_SELECT, INITIAL_LOAD_DELETE_STMT, CREATE_TIME, LAST_UPDATE_BY, LAST_UPDATE_TIME, DESCRIPTION) values ('sls_tax_group_line_item','store to corp',1,50,null,null,{ts '2019-03-05 15:52:53.537'},null,{ts '2019-03-05 15:52:53.537'},null);
insert into SYM_TRIGGER_ROUTER (TRIGGER_ID, ROUTER_ID, ENABLED, INITIAL_LOAD_ORDER, INITIAL_LOAD_SELECT, INITIAL_LOAD_DELETE_STMT, CREATE_TIME, LAST_UPDATE_BY, LAST_UPDATE_TIME, DESCRIPTION) values ('sls_tax_retail_line_item','store to corp',1,50,null,null,{ts '2019-03-05 15:52:53.540'},null,{ts '2019-03-05 15:52:53.540'},null);
insert into SYM_TRIGGER_ROUTER (TRIGGER_ID, ROUTER_ID, ENABLED, INITIAL_LOAD_ORDER, INITIAL_LOAD_SELECT, INITIAL_LOAD_DELETE_STMT, CREATE_TIME, LAST_UPDATE_BY, LAST_UPDATE_TIME, DESCRIPTION) values ('sls_tender_line_item','store to corp',1,50,null,null,{ts '2019-03-05 15:52:53.543'},null,{ts '2019-03-05 15:52:53.543'},null);
insert into SYM_TRIGGER_ROUTER (TRIGGER_ID, ROUTER_ID, ENABLED, INITIAL_LOAD_ORDER, INITIAL_LOAD_SELECT, INITIAL_LOAD_DELETE_STMT, CREATE_TIME, LAST_UPDATE_BY, LAST_UPDATE_TIME, DESCRIPTION) values ('sls_till','store to corp',1,50,null,null,{ts '2019-03-05 15:52:53.545'},null,{ts '2019-03-05 15:52:53.545'},null);
insert into SYM_TRIGGER_ROUTER (TRIGGER_ID, ROUTER_ID, ENABLED, INITIAL_LOAD_ORDER, INITIAL_LOAD_SELECT, INITIAL_LOAD_DELETE_STMT, CREATE_TIME, LAST_UPDATE_BY, LAST_UPDATE_TIME, DESCRIPTION) values ('sls_till_assignment','store to corp',1,50,null,null,{ts '2019-03-05 15:52:53.548'},null,{ts '2019-03-05 15:52:53.548'},null);
insert into SYM_TRIGGER_ROUTER (TRIGGER_ID, ROUTER_ID, ENABLED, INITIAL_LOAD_ORDER, INITIAL_LOAD_SELECT, INITIAL_LOAD_DELETE_STMT, CREATE_TIME, LAST_UPDATE_BY, LAST_UPDATE_TIME, DESCRIPTION) values ('sls_trans','store to corp',1,50,null,null,{ts '2019-03-05 15:52:53.551'},null,{ts '2019-03-05 15:52:53.551'},null);
insert into SYM_TRIGGER_ROUTER (TRIGGER_ID, ROUTER_ID, ENABLED, INITIAL_LOAD_ORDER, INITIAL_LOAD_SELECT, INITIAL_LOAD_DELETE_STMT, CREATE_TIME, LAST_UPDATE_BY, LAST_UPDATE_TIME, DESCRIPTION) values ('sls_tender_control_trans','store to corp',1,50,null,null,{ts '2019-03-05 15:52:53.526'},null,{ts '2019-03-05 15:52:53.526'},null);
insert into SYM_TRIGGER_ROUTER (TRIGGER_ID, ROUTER_ID, ENABLED, INITIAL_LOAD_ORDER, INITIAL_LOAD_SELECT, INITIAL_LOAD_DELETE_STMT, CREATE_TIME, LAST_UPDATE_BY, LAST_UPDATE_TIME, DESCRIPTION) values ('sls_tender_settlement_trans','store to corp',1,50,null,null,{ts '2019-03-05 15:52:53.526'},null,{ts '2019-03-05 15:52:53.526'},null);
insert into SYM_TRIGGER_ROUTER (TRIGGER_ID, ROUTER_ID, ENABLED, INITIAL_LOAD_ORDER, INITIAL_LOAD_SELECT, INITIAL_LOAD_DELETE_STMT, CREATE_TIME, LAST_UPDATE_BY, LAST_UPDATE_TIME, DESCRIPTION) values ('sls_tender_settlement_line_itm','store to corp',1,50,null,null,{ts '2019-03-05 15:52:53.526'},null,{ts '2019-03-05 15:52:53.526'},null);
insert into SYM_TRIGGER_ROUTER (TRIGGER_ID, ROUTER_ID, ENABLED, INITIAL_LOAD_ORDER, INITIAL_LOAD_SELECT, INITIAL_LOAD_DELETE_STMT, CREATE_TIME, LAST_UPDATE_BY, LAST_UPDATE_TIME, DESCRIPTION) values ('sls_rtn_policy','corp to store',1,50,null,null,{ts '2019-03-05 15:56:07.254'},null,{ts '2019-03-05 15:56:07.254'},null);
insert into SYM_TRIGGER_ROUTER (TRIGGER_ID, ROUTER_ID, ENABLED, INITIAL_LOAD_ORDER, INITIAL_LOAD_SELECT, INITIAL_LOAD_DELETE_STMT, CREATE_TIME, LAST_UPDATE_BY, LAST_UPDATE_TIME, DESCRIPTION) values ('sls_rtn_policy_match','corp to store',1,50,null,null,{ts '2019-03-05 15:56:07.259'},null,{ts '2019-03-05 15:56:07.259'},null);
insert into SYM_TRIGGER_ROUTER (TRIGGER_ID, ROUTER_ID, ENABLED, INITIAL_LOAD_ORDER, INITIAL_LOAD_SELECT, INITIAL_LOAD_DELETE_STMT, CREATE_TIME, LAST_UPDATE_BY, LAST_UPDATE_TIME, DESCRIPTION) values ('sls_tender','corp to store',1,50,null,null,{ts '2019-03-05 15:56:07.263'},null,{ts '2019-03-05 15:56:07.263'},null);
insert into SYM_TRIGGER_ROUTER (TRIGGER_ID, ROUTER_ID, ENABLED, INITIAL_LOAD_ORDER, INITIAL_LOAD_SELECT, INITIAL_LOAD_DELETE_STMT, CREATE_TIME, LAST_UPDATE_BY, LAST_UPDATE_TIME, DESCRIPTION) values ('sls_rtn_policy','store to register',1,50,null,null,{ts '2019-03-05 15:56:07.356'},null,{ts '2019-03-05 15:56:07.356'},null);
insert into SYM_TRIGGER_ROUTER (TRIGGER_ID, ROUTER_ID, ENABLED, INITIAL_LOAD_ORDER, INITIAL_LOAD_SELECT, INITIAL_LOAD_DELETE_STMT, CREATE_TIME, LAST_UPDATE_BY, LAST_UPDATE_TIME, DESCRIPTION) values ('sls_rtn_policy_match','store to register',1,50,null,null,{ts '2019-03-05 15:56:07.359'},null,{ts '2019-03-05 15:56:07.359'},null);
insert into SYM_TRIGGER_ROUTER (TRIGGER_ID, ROUTER_ID, ENABLED, INITIAL_LOAD_ORDER, INITIAL_LOAD_SELECT, INITIAL_LOAD_DELETE_STMT, CREATE_TIME, LAST_UPDATE_BY, LAST_UPDATE_TIME, DESCRIPTION) values ('sls_tender','store to register',1,50,null,null,{ts '2019-03-05 15:56:07.362'},null,{ts '2019-03-05 15:56:07.362'},null);
insert into SYM_TRIGGER_ROUTER (TRIGGER_ID, ROUTER_ID, ENABLED, INITIAL_LOAD_ORDER, INITIAL_LOAD_SELECT, INITIAL_LOAD_DELETE_STMT, CREATE_TIME, LAST_UPDATE_BY, LAST_UPDATE_TIME, DESCRIPTION) values ('sls_tender_control_trans','store to register',1,50,null,null,{ts '2019-03-05 15:52:53.526'},null,{ts '2019-03-05 15:52:53.526'},null);
insert into SYM_TRIGGER_ROUTER (TRIGGER_ID, ROUTER_ID, ENABLED, INITIAL_LOAD_ORDER, INITIAL_LOAD_SELECT, INITIAL_LOAD_DELETE_STMT, CREATE_TIME, LAST_UPDATE_BY, LAST_UPDATE_TIME, DESCRIPTION) values ('sls_tender_settlement_trans','store to register',1,50,null,null,{ts '2019-03-05 15:52:53.526'},null,{ts '2019-03-05 15:52:53.526'},null);
insert into SYM_TRIGGER_ROUTER (TRIGGER_ID, ROUTER_ID, ENABLED, INITIAL_LOAD_ORDER, INITIAL_LOAD_SELECT, INITIAL_LOAD_DELETE_STMT, CREATE_TIME, LAST_UPDATE_BY, LAST_UPDATE_TIME, DESCRIPTION) values ('sls_tender_settlement_line_itm','store to register',1,50,null,null,{ts '2019-03-05 15:52:53.526'},null,{ts '2019-03-05 15:52:53.526'},null);
insert into SYM_TRIGGER_ROUTER (TRIGGER_ID, ROUTER_ID, ENABLED, INITIAL_LOAD_ORDER, INITIAL_LOAD_SELECT, INITIAL_LOAD_DELETE_STMT, CREATE_TIME, LAST_UPDATE_BY, LAST_UPDATE_TIME, DESCRIPTION) values ('ctx_device','register to store',1,50,null,null,{ts '2019-03-05 15:57:24.172'},null,{ts '2019-03-05 15:57:24.172'},null);
insert into SYM_TRIGGER_ROUTER (TRIGGER_ID, ROUTER_ID, ENABLED, INITIAL_LOAD_ORDER, INITIAL_LOAD_SELECT, INITIAL_LOAD_DELETE_STMT, CREATE_TIME, LAST_UPDATE_BY, LAST_UPDATE_TIME, DESCRIPTION) values ('ctx_device','store to corp',1,50,null,null,{ts '2019-03-05 15:57:24.172'},null,{ts '2019-03-05 15:57:24.172'},null);
insert into SYM_TRIGGER_ROUTER (TRIGGER_ID, ROUTER_ID, ENABLED, INITIAL_LOAD_ORDER, INITIAL_LOAD_SELECT, INITIAL_LOAD_DELETE_STMT, CREATE_TIME, LAST_UPDATE_BY, LAST_UPDATE_TIME, DESCRIPTION) values ('tax_authority','corp to store',1,50,null,null,{ts '2019-03-05 16:02:51.313'},null,{ts '2019-03-05 16:02:51.313'},null);
insert into SYM_TRIGGER_ROUTER (TRIGGER_ID, ROUTER_ID, ENABLED, INITIAL_LOAD_ORDER, INITIAL_LOAD_SELECT, INITIAL_LOAD_DELETE_STMT, CREATE_TIME, LAST_UPDATE_BY, LAST_UPDATE_TIME, DESCRIPTION) values ('tax_group','corp to store',1,50,null,null,{ts '2019-03-05 16:02:51.317'},null,{ts '2019-03-05 16:02:51.317'},null);
insert into SYM_TRIGGER_ROUTER (TRIGGER_ID, ROUTER_ID, ENABLED, INITIAL_LOAD_ORDER, INITIAL_LOAD_SELECT, INITIAL_LOAD_DELETE_STMT, CREATE_TIME, LAST_UPDATE_BY, LAST_UPDATE_TIME, DESCRIPTION) values ('tax_group_rule','corp to store',1,50,null,null,{ts '2019-03-05 16:02:51.322'},null,{ts '2019-03-05 16:02:51.322'},null);
insert into SYM_TRIGGER_ROUTER (TRIGGER_ID, ROUTER_ID, ENABLED, INITIAL_LOAD_ORDER, INITIAL_LOAD_SELECT, INITIAL_LOAD_DELETE_STMT, CREATE_TIME, LAST_UPDATE_BY, LAST_UPDATE_TIME, DESCRIPTION) values ('tax_jurisdiction','corp to store',1,50,null,null,{ts '2019-03-05 16:02:51.326'},null,{ts '2019-03-05 16:02:51.326'},null);
insert into SYM_TRIGGER_ROUTER (TRIGGER_ID, ROUTER_ID, ENABLED, INITIAL_LOAD_ORDER, INITIAL_LOAD_SELECT, INITIAL_LOAD_DELETE_STMT, CREATE_TIME, LAST_UPDATE_BY, LAST_UPDATE_TIME, DESCRIPTION) values ('tax_rate_rule','corp to store',1,50,null,null,{ts '2019-03-05 16:02:51.331'},null,{ts '2019-03-05 16:02:51.331'},null);
insert into SYM_TRIGGER_ROUTER (TRIGGER_ID, ROUTER_ID, ENABLED, INITIAL_LOAD_ORDER, INITIAL_LOAD_SELECT, INITIAL_LOAD_DELETE_STMT, CREATE_TIME, LAST_UPDATE_BY, LAST_UPDATE_TIME, DESCRIPTION) values ('tax_authority','store to register',1,50,null,null,{ts '2019-03-05 16:02:51.435'},null,{ts '2019-03-05 16:02:51.435'},null);
insert into SYM_TRIGGER_ROUTER (TRIGGER_ID, ROUTER_ID, ENABLED, INITIAL_LOAD_ORDER, INITIAL_LOAD_SELECT, INITIAL_LOAD_DELETE_STMT, CREATE_TIME, LAST_UPDATE_BY, LAST_UPDATE_TIME, DESCRIPTION) values ('tax_group','store to register',1,50,null,null,{ts '2019-03-05 16:02:51.438'},null,{ts '2019-03-05 16:02:51.438'},null);
insert into SYM_TRIGGER_ROUTER (TRIGGER_ID, ROUTER_ID, ENABLED, INITIAL_LOAD_ORDER, INITIAL_LOAD_SELECT, INITIAL_LOAD_DELETE_STMT, CREATE_TIME, LAST_UPDATE_BY, LAST_UPDATE_TIME, DESCRIPTION) values ('tax_group_rule','store to register',1,50,null,null,{ts '2019-03-05 16:02:51.441'},null,{ts '2019-03-05 16:02:51.441'},null);
insert into SYM_TRIGGER_ROUTER (TRIGGER_ID, ROUTER_ID, ENABLED, INITIAL_LOAD_ORDER, INITIAL_LOAD_SELECT, INITIAL_LOAD_DELETE_STMT, CREATE_TIME, LAST_UPDATE_BY, LAST_UPDATE_TIME, DESCRIPTION) values ('tax_jurisdiction','store to register',1,50,null,null,{ts '2019-03-05 16:02:51.444'},null,{ts '2019-03-05 16:02:51.444'},null);
insert into SYM_TRIGGER_ROUTER (TRIGGER_ID, ROUTER_ID, ENABLED, INITIAL_LOAD_ORDER, INITIAL_LOAD_SELECT, INITIAL_LOAD_DELETE_STMT, CREATE_TIME, LAST_UPDATE_BY, LAST_UPDATE_TIME, DESCRIPTION) values ('tax_rate_rule','store to register',1,50,null,null,{ts '2019-03-05 16:02:51.447'},null,{ts '2019-03-05 16:02:51.447'},null);
insert into SYM_TRIGGER_ROUTER (TRIGGER_ID, ROUTER_ID, ENABLED, INITIAL_LOAD_ORDER, INITIAL_LOAD_SELECT, INITIAL_LOAD_DELETE_STMT, CREATE_TIME, LAST_UPDATE_BY, LAST_UPDATE_TIME, DESCRIPTION) values ('usr_operator_security_question','corp to store',1,50,null,null,{ts '2019-03-05 16:04:52.285'},null,{ts '2019-03-05 16:04:52.285'},null);
insert into SYM_TRIGGER_ROUTER (TRIGGER_ID, ROUTER_ID, ENABLED, INITIAL_LOAD_ORDER, INITIAL_LOAD_SELECT, INITIAL_LOAD_DELETE_STMT, CREATE_TIME, LAST_UPDATE_BY, LAST_UPDATE_TIME, DESCRIPTION) values ('usr_password_history','corp to store',1,50,null,null,{ts '2019-03-05 16:04:52.290'},null,{ts '2019-03-05 16:04:52.290'},null);
insert into SYM_TRIGGER_ROUTER (TRIGGER_ID, ROUTER_ID, ENABLED, INITIAL_LOAD_ORDER, INITIAL_LOAD_SELECT, INITIAL_LOAD_DELETE_STMT, CREATE_TIME, LAST_UPDATE_BY, LAST_UPDATE_TIME, DESCRIPTION) values ('usr_permission','corp to store',1,50,null,null,{ts '2019-03-05 16:04:52.294'},null,{ts '2019-03-05 16:04:52.294'},null);
insert into SYM_TRIGGER_ROUTER (TRIGGER_ID, ROUTER_ID, ENABLED, INITIAL_LOAD_ORDER, INITIAL_LOAD_SELECT, INITIAL_LOAD_DELETE_STMT, CREATE_TIME, LAST_UPDATE_BY, LAST_UPDATE_TIME, DESCRIPTION) values ('usr_security_question','corp to store',1,50,null,null,{ts '2019-03-05 16:04:52.299'},null,{ts '2019-03-05 16:04:52.299'},null);
insert into SYM_TRIGGER_ROUTER (TRIGGER_ID, ROUTER_ID, ENABLED, INITIAL_LOAD_ORDER, INITIAL_LOAD_SELECT, INITIAL_LOAD_DELETE_STMT, CREATE_TIME, LAST_UPDATE_BY, LAST_UPDATE_TIME, DESCRIPTION) values ('usr_user','corp to store',1,50,null,null,{ts '2019-03-05 16:04:52.303'},null,{ts '2019-03-05 16:04:52.303'},null);
insert into SYM_TRIGGER_ROUTER (TRIGGER_ID, ROUTER_ID, ENABLED, INITIAL_LOAD_ORDER, INITIAL_LOAD_SELECT, INITIAL_LOAD_DELETE_STMT, CREATE_TIME, LAST_UPDATE_BY, LAST_UPDATE_TIME, DESCRIPTION) values ('usr_workgroup','corp to store',1,50,null,null,{ts '2019-03-05 16:04:52.308'},null,{ts '2019-03-05 16:04:52.308'},null);
insert into SYM_TRIGGER_ROUTER (TRIGGER_ID, ROUTER_ID, ENABLED, INITIAL_LOAD_ORDER, INITIAL_LOAD_SELECT, INITIAL_LOAD_DELETE_STMT, CREATE_TIME, LAST_UPDATE_BY, LAST_UPDATE_TIME, DESCRIPTION) values ('usr_workgroup_permission','corp to store',1,50,null,null,{ts '2019-03-05 16:04:52.313'},null,{ts '2019-03-05 16:04:52.313'},null);
insert into SYM_TRIGGER_ROUTER (TRIGGER_ID, ROUTER_ID, ENABLED, INITIAL_LOAD_ORDER, INITIAL_LOAD_SELECT, INITIAL_LOAD_DELETE_STMT, CREATE_TIME, LAST_UPDATE_BY, LAST_UPDATE_TIME, DESCRIPTION) values ('usr_operator_security_question','store to register',1,50,null,null,{ts '2019-03-05 16:04:52.455'},null,{ts '2019-03-05 16:04:52.455'},null);
insert into SYM_TRIGGER_ROUTER (TRIGGER_ID, ROUTER_ID, ENABLED, INITIAL_LOAD_ORDER, INITIAL_LOAD_SELECT, INITIAL_LOAD_DELETE_STMT, CREATE_TIME, LAST_UPDATE_BY, LAST_UPDATE_TIME, DESCRIPTION) values ('usr_password_history','store to register',1,50,null,null,{ts '2019-03-05 16:04:52.459'},null,{ts '2019-03-05 16:04:52.459'},null);
insert into SYM_TRIGGER_ROUTER (TRIGGER_ID, ROUTER_ID, ENABLED, INITIAL_LOAD_ORDER, INITIAL_LOAD_SELECT, INITIAL_LOAD_DELETE_STMT, CREATE_TIME, LAST_UPDATE_BY, LAST_UPDATE_TIME, DESCRIPTION) values ('usr_permission','store to register',1,50,null,null,{ts '2019-03-05 16:04:52.462'},null,{ts '2019-03-05 16:04:52.462'},null);
insert into SYM_TRIGGER_ROUTER (TRIGGER_ID, ROUTER_ID, ENABLED, INITIAL_LOAD_ORDER, INITIAL_LOAD_SELECT, INITIAL_LOAD_DELETE_STMT, CREATE_TIME, LAST_UPDATE_BY, LAST_UPDATE_TIME, DESCRIPTION) values ('usr_user','store to register',1,50,null,null,{ts '2019-03-05 16:04:52.465'},null,{ts '2019-03-05 16:04:52.465'},null);
insert into SYM_TRIGGER_ROUTER (TRIGGER_ID, ROUTER_ID, ENABLED, INITIAL_LOAD_ORDER, INITIAL_LOAD_SELECT, INITIAL_LOAD_DELETE_STMT, CREATE_TIME, LAST_UPDATE_BY, LAST_UPDATE_TIME, DESCRIPTION) values ('usr_workgroup','store to register',1,50,null,null,{ts '2019-03-05 16:04:52.468'},null,{ts '2019-03-05 16:04:52.468'},null);
insert into SYM_TRIGGER_ROUTER (TRIGGER_ID, ROUTER_ID, ENABLED, INITIAL_LOAD_ORDER, INITIAL_LOAD_SELECT, INITIAL_LOAD_DELETE_STMT, CREATE_TIME, LAST_UPDATE_BY, LAST_UPDATE_TIME, DESCRIPTION) values ('usr_workgroup_permission','store to register',1,50,null,null,{ts '2019-03-05 16:04:52.471'},null,{ts '2019-03-05 16:04:52.471'},null);
insert into SYM_TRIGGER_ROUTER (TRIGGER_ID, ROUTER_ID, ENABLED, INITIAL_LOAD_ORDER, INITIAL_LOAD_SELECT, INITIAL_LOAD_DELETE_STMT, CREATE_TIME, LAST_UPDATE_BY, LAST_UPDATE_TIME, DESCRIPTION) values ('usr_security_question','store to register',1,50,null,null,{ts '2019-03-05 16:05:34.065'},'admin',{ts '2019-03-05 16:05:34.065'},null);
insert into SYM_TRIGGER_ROUTER (TRIGGER_ID, ROUTER_ID, ENABLED, INITIAL_LOAD_ORDER, INITIAL_LOAD_SELECT, INITIAL_LOAD_DELETE_STMT, CREATE_TIME, LAST_UPDATE_BY, LAST_UPDATE_TIME, DESCRIPTION) values ('itm_selling_price','tag_store_number',1,50,null,null,{ts '2019-03-07 15:23:16.134'},'admin',{ts '2019-03-07 15:23:16.134'},null);
insert into SYM_TRIGGER_ROUTER (TRIGGER_ID, ROUTER_ID, ENABLED, INITIAL_LOAD_ORDER, INITIAL_LOAD_SELECT, INITIAL_LOAD_DELETE_STMT, CREATE_TIME, LAST_UPDATE_BY, LAST_UPDATE_TIME, DESCRIPTION) values ('itm_selling_rule','tag_store_number',1,50,null,null,{ts '2019-03-07 15:23:34.920'},'admin',{ts '2019-03-07 15:23:34.920'},null);
insert into SYM_TRIGGER_ROUTER (TRIGGER_ID, ROUTER_ID, ENABLED, INITIAL_LOAD_ORDER, INITIAL_LOAD_SELECT, INITIAL_LOAD_DELETE_STMT, CREATE_TIME, LAST_UPDATE_BY, LAST_UPDATE_TIME, DESCRIPTION) values ('ctx_device','tag_store_number',1,50,null,null,{ts '2019-03-07 15:24:29.664'},'admin',{ts '2019-03-07 15:24:29.664'},null);
insert into SYM_TRIGGER_ROUTER (TRIGGER_ID, ROUTER_ID, ENABLED, INITIAL_LOAD_ORDER, INITIAL_LOAD_SELECT, INITIAL_LOAD_DELETE_STMT, CREATE_TIME, LAST_UPDATE_BY, LAST_UPDATE_TIME, DESCRIPTION) values ('prm_promotion','tag_store_number',1,50,null,null,{ts '2019-03-07 15:27:25.030'},'admin',{ts '2019-03-07 15:27:25.030'},null);
insert into SYM_TRANSFORM_TABLE (TRANSFORM_ID, SOURCE_NODE_GROUP_ID, TARGET_NODE_GROUP_ID, TRANSFORM_POINT, SOURCE_CATALOG_NAME, SOURCE_SCHEMA_NAME, SOURCE_TABLE_NAME, TARGET_CATALOG_NAME, TARGET_SCHEMA_NAME, TARGET_TABLE_NAME, UPDATE_FIRST, UPDATE_ACTION, DELETE_ACTION, TRANSFORM_ORDER, COLUMN_POLICY, CREATE_TIME, LAST_UPDATE_BY, LAST_UPDATE_TIME, DESCRIPTION) values ('NUCOMMERCE_TRANS_TRACKER','store','corp','EXTRACT',null,null,'TRANHIST',null,null,'NUCOMMERCE_TRANS_TRACKER',0,'UPDATE_COL','DEL_ROW',0,'SPECIFIED',{ts '2019-03-05 15:31:33.089'},'admin',{ts '2019-03-05 15:35:58.327'},null);
insert into SYM_TRANSFORM_TABLE (TRANSFORM_ID, SOURCE_NODE_GROUP_ID, TARGET_NODE_GROUP_ID, TRANSFORM_POINT, SOURCE_CATALOG_NAME, SOURCE_SCHEMA_NAME, SOURCE_TABLE_NAME, TARGET_CATALOG_NAME, TARGET_SCHEMA_NAME, TARGET_TABLE_NAME, UPDATE_FIRST, UPDATE_ACTION, DELETE_ACTION, TRANSFORM_ORDER, COLUMN_POLICY, CREATE_TIME, LAST_UPDATE_BY, LAST_UPDATE_TIME, DESCRIPTION) values ('TRANHIST','store','corp','EXTRACT',null,null,'TRANHIST',null,null,'TRANHIST',0,'UPDATE_COL','DEL_ROW',0,'IMPLIED',{ts '2019-03-05 15:30:26.089'},'admin',{ts '2019-03-05 15:36:02.173'},null);
insert into SYM_TRANSFORM_COLUMN (TRANSFORM_ID, INCLUDE_ON, TARGET_COLUMN_NAME, SOURCE_COLUMN_NAME, PK, TRANSFORM_TYPE, TRANSFORM_EXPRESSION, TRANSFORM_ORDER, CREATE_TIME, LAST_UPDATE_BY, LAST_UPDATE_TIME, DESCRIPTION) values ('NUCOMMERCE_TRANS_TRACKER','*','Record_Added',null,1,'variable','system_timestamp',1,{ts '2019-03-05 15:35:39.955'},null,{ts '2019-03-05 15:35:39.955'},null);
insert into SYM_TRANSFORM_COLUMN (TRANSFORM_ID, INCLUDE_ON, TARGET_COLUMN_NAME, SOURCE_COLUMN_NAME, PK, TRANSFORM_TYPE, TRANSFORM_EXPRESSION, TRANSFORM_ORDER, CREATE_TIME, LAST_UPDATE_BY, LAST_UPDATE_TIME, DESCRIPTION) values ('NUCOMMERCE_TRANS_TRACKER','*','Tx_Date','Date',1,'copy',null,2,{ts '2019-03-05 15:35:39.956'},null,{ts '2019-03-05 15:35:39.956'},null);
insert into SYM_TRANSFORM_COLUMN (TRANSFORM_ID, INCLUDE_ON, TARGET_COLUMN_NAME, SOURCE_COLUMN_NAME, PK, TRANSFORM_TYPE, TRANSFORM_EXPRESSION, TRANSFORM_ORDER, CREATE_TIME, LAST_UPDATE_BY, LAST_UPDATE_TIME, DESCRIPTION) values ('NUCOMMERCE_TRANS_TRACKER','*','Tx_Register','Register',1,'copy',null,3,{ts '2019-03-05 15:35:39.957'},null,{ts '2019-03-05 15:35:39.957'},null);
insert into SYM_TRANSFORM_COLUMN (TRANSFORM_ID, INCLUDE_ON, TARGET_COLUMN_NAME, SOURCE_COLUMN_NAME, PK, TRANSFORM_TYPE, TRANSFORM_EXPRESSION, TRANSFORM_ORDER, CREATE_TIME, LAST_UPDATE_BY, LAST_UPDATE_TIME, DESCRIPTION) values ('NUCOMMERCE_TRANS_TRACKER','*','Tx_Drawer','Drawer',1,'copy',null,4,{ts '2019-03-05 15:35:39.958'},null,{ts '2019-03-05 15:35:39.958'},null);
insert into SYM_TRANSFORM_COLUMN (TRANSFORM_ID, INCLUDE_ON, TARGET_COLUMN_NAME, SOURCE_COLUMN_NAME, PK, TRANSFORM_TYPE, TRANSFORM_EXPRESSION, TRANSFORM_ORDER, CREATE_TIME, LAST_UPDATE_BY, LAST_UPDATE_TIME, DESCRIPTION) values ('NUCOMMERCE_TRANS_TRACKER','*','Tx_TillID','TillID',1,'copy',null,5,{ts '2019-03-05 15:35:39.959'},null,{ts '2019-03-05 15:35:39.959'},null);
insert into SYM_TRANSFORM_COLUMN (TRANSFORM_ID, INCLUDE_ON, TARGET_COLUMN_NAME, SOURCE_COLUMN_NAME, PK, TRANSFORM_TYPE, TRANSFORM_EXPRESSION, TRANSFORM_ORDER, CREATE_TIME, LAST_UPDATE_BY, LAST_UPDATE_TIME, DESCRIPTION) values ('NUCOMMERCE_TRANS_TRACKER','*','Tx_No','Tx_No',1,'copy',null,6,{ts '2019-03-05 15:35:39.959'},null,{ts '2019-03-05 15:35:39.959'},null);
insert into SYM_TRANSFORM_COLUMN (TRANSFORM_ID, INCLUDE_ON, TARGET_COLUMN_NAME, SOURCE_COLUMN_NAME, PK, TRANSFORM_TYPE, TRANSFORM_EXPRESSION, TRANSFORM_ORDER, CREATE_TIME, LAST_UPDATE_BY, LAST_UPDATE_TIME, DESCRIPTION) values ('NUCOMMERCE_TRANS_TRACKER','*','Tx_Time','Time',1,'copy',null,7,{ts '2019-03-05 15:35:39.960'},null,{ts '2019-03-05 15:35:39.960'},null);
insert into SYM_TRANSFORM_COLUMN (TRANSFORM_ID, INCLUDE_ON, TARGET_COLUMN_NAME, SOURCE_COLUMN_NAME, PK, TRANSFORM_TYPE, TRANSFORM_EXPRESSION, TRANSFORM_ORDER, CREATE_TIME, LAST_UPDATE_BY, LAST_UPDATE_TIME, DESCRIPTION) values ('NUCOMMERCE_TRANS_TRACKER','*','Tx_Store','BusinessUnitId',1,'copy',null,8,{ts '2019-03-05 15:35:39.961'},null,{ts '2019-03-05 15:35:39.961'},null);
--insert into SYM_MONITOR (MONITOR_ID, NODE_GROUP_ID, EXTERNAL_ID, TYPE, EXPRESSION, THRESHOLD, RUN_PERIOD, RUN_COUNT, SEVERITY_LEVEL, ENABLED, CREATE_TIME, LAST_UPDATE_BY, LAST_UPDATE_TIME) values ('SystemLogMonitor','ALL','ALL','log','',1,1,1,300,1,{ts '2019-03-05 15:20:55.806'},'system',{ts '2019-03-05 15:20:55.806'});
--insert into SYM_MONITOR (MONITOR_ID, NODE_GROUP_ID, EXTERNAL_ID, TYPE, EXPRESSION, THRESHOLD, RUN_PERIOD, RUN_COUNT, SEVERITY_LEVEL, ENABLED, CREATE_TIME, LAST_UPDATE_BY, LAST_UPDATE_TIME) values ('SystemBatchErrorMonitor','ALL','ALL','batchError','',1,1,1,300,1,{ts '2019-03-05 15:20:55.806'},'system',{ts '2019-03-05 15:20:55.806'});
--insert into SYM_MONITOR (MONITOR_ID, NODE_GROUP_ID, EXTERNAL_ID, TYPE, EXPRESSION, THRESHOLD, RUN_PERIOD, RUN_COUNT, SEVERITY_LEVEL, ENABLED, CREATE_TIME, LAST_UPDATE_BY, LAST_UPDATE_TIME) values ('SystemOfflineNodeMonitor','ALL','ALL','offlineNodes','',1,1,1,300,1,{ts '2019-03-05 15:20:55.806'},'system',{ts '2019-03-05 15:20:55.806'});
